userId,itemId,rank,explanations,explanation_score,explanations_as_list,n_explanations
0.0,623.0,6.0,{329},[0.4479],[329],1
1.0,1319.0,5.0,"{608, 1104, 380}","[0.1246, 0.2508, 0.1195]","[608, 1104, 380]",3
1.0,646.0,9.0,"{216, 297}","[0.4271, 0.4385]","[216, 297]",2
2.0,482.0,2.0,"{217, 101}","[0.3977, 0.3965]","[217, 101]",2
3.0,1294.0,2.0,{59},[0.239],[59],1
3.0,138.0,7.0,{216},[0.3165],[216],1
3.0,37.0,8.0,"{549, 366}","[0.3427, 0.3791]","[549, 366]",2
5.0,428.0,8.0,"{241, 174, 319}","[0.4414, 0.4029, 0.4441]","[241, 174, 319]",3
6.0,876.0,2.0,{290},[0.3042],[290],1
6.0,637.0,3.0,{266},[0.172],[266],1
6.0,1069.0,9.0,"{873, 59, 49}","[0.4001, 0.3461, 0.3169]","[873, 59, 49]",3
7.0,564.0,2.0,{364},[0.2828],[364],1
7.0,1158.0,4.0,{1455},[0.4248],[1455],1
7.0,584.0,7.0,"{729, 867, 485, 110}","[0.3824, 0.4134, 0.3349, 0.3325]","[729, 867, 485, 110]",4
8.0,581.0,2.0,{550},[0.3216],[550],1
8.0,1182.0,5.0,{368},[0.3281],[368],1
8.0,1151.0,7.0,"{241, 275, 949, 326}","[0.3561, 0.365, 0.3766, 0.4193]","[241, 275, 949, 326]",4
8.0,1123.0,8.0,"{432, 501}","[0.2866, 0.2884]","[432, 501]",2
8.0,243.0,9.0,"{1, 289, 807, 491, 139, 346}","[0.4195, 0.3635, 0.3395, 0.3788, 0.3512, 0.4008]","[1, 289, 807, 491, 139, 346]",6
9.0,379.0,5.0,"{9, 299, 133}","[0.308, 0.3429, 0.2752]","[9, 299, 133]",3
9.0,122.0,8.0,"{232, 309, 7}","[0.4415, 0.4233, 0.4236]","[232, 309, 7]",3
10.0,1162.0,4.0,{551},[0.3232],[551],1
10.0,258.0,7.0,"{108, 5}","[0.4868, 0.4529]","[108, 5]",2
11.0,70.0,1.0,"{480, 100, 231}","[0.398, 0.3871, 0.4096]","[480, 100, 231]",3
11.0,1509.0,3.0,"{947, 981}","[0.2442, 0.2723]","[947, 981]",2
11.0,753.0,4.0,{342},[0.3883],[342],1
11.0,91.0,10.0,"{100, 342}","[0.5103, 0.5197]","[100, 342]",2
12.0,420.0,6.0,"{40, 60, 144, 157}","[0.3131, 0.2991, 0.3049, 0.3066]","[40, 60, 144, 157]",4
14.0,720.0,2.0,{14},[0.3168],[14],1
14.0,1349.0,6.0,{741},[0.3293],[741],1
14.0,119.0,9.0,"{318, 931, 670}","[0.3127, 0.2811, 0.2949]","[318, 931, 670]",3
15.0,457.0,3.0,"{1074, 250, 1149}","[0.3554, 0.3663, 0.3829]","[1074, 250, 1149]",3
15.0,819.0,5.0,"{290, 876, 1086}","[0.286, 0.4154, 0.3258]","[290, 876, 1086]",3
15.0,896.0,6.0,{496},[0.4285],[496],1
15.0,1566.0,7.0,"{830, 943}","[0.3368, 0.4642]","[830, 943]",2
15.0,186.0,8.0,"{241, 260, 750}","[0.4377, 0.4551, 0.4284]","[241, 260, 750]",3
16.0,482.0,5.0,"{9, 693}","[0.443, 0.4665]","[9, 693]",2
16.0,1068.0,10.0,"{1171, 164}","[0.4009, 0.4529]","[1171, 164]",2
18.0,273.0,1.0,"{31, 101, 367}","[0.5307, 0.5374, 0.5353]","[31, 101, 367]",3
18.0,1112.0,2.0,"{832, 193, 15, 80, 1019, 447}","[0.4267, 0.4279, 0.4567, 0.4431, 0.4329, 0.42]","[832, 193, 15, 80, 1019, 447]",6
18.0,37.0,4.0,"{363, 549, 366, 447}","[0.3403, 0.3427, 0.3791, 0.3787]","[363, 549, 366, 447]",4
18.0,180.0,8.0,"{49, 101, 357, 367}","[0.3282, 0.3142, 0.3308, 0.3211]","[49, 101, 357, 367]",4
18.0,567.0,10.0,"{669, 423}","[0.4037, 0.447]","[669, 423]",2
19.0,1359.0,1.0,{202},[0.3711],[202],1
19.0,1038.0,4.0,{688},[0.3638],[688],1
19.0,1156.0,6.0,"{795, 546, 867, 708, 905, 1168, 475, 442, 1051, 319}","[0.3186, 0.3147, 0.3572, 0.3342, 0.3169, 0.4815, 0.3139, 0.3375, 0.3143, 0.3209]","[795, 546, 867, 708, 905, 1168, 475, 442, 1051, 319]",10
19.0,130.0,7.0,"{157, 630, 719}","[0.4088, 0.5075, 0.5339]","[157, 630, 719]",3
19.0,951.0,9.0,"{1241, 1125, 584, 1072, 625, 1397, 21, 729, 766}","[0.2873, 0.2707, 0.3699, 0.2686, 0.3682, 0.3835, 0.2607, 0.2565, 0.3561]","[1241, 1125, 584, 1072, 625, 1397, 21, 729, 766]",9
20.0,236.0,5.0,{93},[0.3439],[93],1
20.0,1496.0,6.0,"{642, 1246}","[0.2646, 0.3961]","[642, 1246]",2
20.0,407.0,10.0,"{552, 89, 77, 86}","[0.2207, 0.3287, 0.2518, 0.275]","[552, 89, 77, 86]",4
21.0,1171.0,9.0,{160},[0.2822],[160],1
22.0,1156.0,1.0,{795},[0.3186],[795],1
22.0,1294.0,4.0,"{17, 59}","[0.2249, 0.239]","[17, 59]",2
22.0,1068.0,6.0,{889},[0.3091],[889],1
22.0,1020.0,9.0,"{99, 5, 118}","[0.3838, 0.4202, 0.3908]","[99, 5, 118]",3
23.0,1294.0,1.0,{17},[0.2249],[17],1
23.0,1445.0,2.0,"{349, 6}","[0.1785, 0.1671]","[349, 6]",2
23.0,188.0,8.0,"{600, 89, 669}","[0.2977, 0.3295, 0.3264]","[600, 89, 669]",3
24.0,844.0,1.0,"{802, 323}","[0.3229, 0.3193]","[802, 323]",2
24.0,1003.0,5.0,"{778, 615}","[0.2901, 0.3549]","[778, 615]",2
24.0,795.0,10.0,"{91, 275, 5}","[0.3992, 0.3759, 0.3783]","[91, 275, 5]",3
25.0,186.0,2.0,{342},[0.4279],[342],1
25.0,233.0,6.0,"{267, 510}","[0.4249, 0.3826]","[267, 510]",2
26.0,1553.0,2.0,{966},[0.2031],[966],1
26.0,597.0,4.0,{432},[0.3041],[432],1
26.0,720.0,5.0,{14},[0.3168],[14],1
26.0,878.0,8.0,"{394, 1266}","[0.3278, 0.3567]","[394, 1266]",2
28.0,1123.0,1.0,"{432, 1206, 501, 534}","[0.2866, 0.3101, 0.2884, 0.3918]","[432, 1206, 501, 534]",4
28.0,1182.0,2.0,{87},[0.3343],[87],1
28.0,735.0,6.0,"{288, 94, 38, 399}","[0.3539, 0.3695, 0.4119, 0.3695]","[288, 94, 38, 399]",4
30.0,1143.0,3.0,{438},[0.2869],[438],1
30.0,1425.0,6.0,{879},[0.4246],[879],1
30.0,1182.0,7.0,"{368, 332, 758, 87}","[0.3281, 0.3179, 0.3157, 0.3343]","[368, 332, 758, 87]",4
32.0,776.0,2.0,"{76, 726, 159}","[0.2225, 0.2367, 0.2221]","[76, 726, 159]",3
32.0,507.0,3.0,"{704, 165}","[0.4089, 0.3865]","[704, 165]",2
32.0,654.0,5.0,"{320, 293, 82, 435, 53, 447}","[0.3477, 0.3773, 0.3403, 0.3824, 0.3403, 0.3377]","[320, 293, 82, 435, 53, 447]",6
32.0,856.0,6.0,{254},[0.4406],[254],1
35.0,1592.0,1.0,{441},[0.6097],[441],1
35.0,1395.0,2.0,{248},[0.3741],[248],1
35.0,1566.0,3.0,"{481, 1534, 263}","[0.4835, 0.3882, 0.346]","[481, 1534, 263]",3
35.0,1449.0,4.0,"{1415, 1296, 1140, 903}","[0.3094, 0.3119, 0.3079, 0.3922]","[1415, 1296, 1140, 903]",4
35.0,1553.0,9.0,{993},[0.2229],[993],1
35.0,1133.0,10.0,{1567},[0.4706],[1567],1
37.0,1294.0,2.0,{17},[0.2249],[17],1
37.0,397.0,5.0,"{130, 554, 48, 115, 630, 184}","[0.2887, 0.2931, 0.2842, 0.2911, 0.3399, 0.3054]","[130, 554, 48, 115, 630, 184]",6
37.0,1288.0,6.0,{1574},[0.506],[1574],1
37.0,1650.0,7.0,{922},[0.3459],[922],1
37.0,1367.0,10.0,{42},[0.3493],[42],1
38.0,1003.0,4.0,"{16, 874, 778}","[0.3073, 0.3283, 0.2901]","[16, 874, 778]",3
38.0,1258.0,8.0,{282},[0.3049],[282],1
39.0,440.0,2.0,"{34, 326, 460, 687, 540}","[0.3478, 0.353, 0.3462, 0.402, 0.4377]","[34, 326, 460, 687, 540]",5
39.0,612.0,3.0,"{101, 5, 367}","[0.2863, 0.2958, 0.3189]","[101, 5, 367]",3
39.0,1046.0,7.0,"{896, 186, 723}","[0.3586, 0.361, 0.4297]","[896, 186, 723]",3
39.0,1155.0,8.0,{330},[0.2851],[330],1
40.0,736.0,9.0,"{346, 243, 863}","[0.3243, 0.3105, 0.3067]","[346, 243, 863]",3
41.0,767.0,3.0,"{288, 260, 299, 460, 702}","[0.4028, 0.4043, 0.477, 0.4644, 0.488]","[288, 260, 299, 460, 702]",5
41.0,1445.0,5.0,"{138, 349, 6}","[0.18, 0.1785, 0.1671]","[138, 349, 6]",3
41.0,785.0,6.0,{1056},[0.3343],[1056],1
41.0,720.0,8.0,"{453, 14}","[0.3337, 0.3168]","[453, 14]",2
41.0,637.0,10.0,"{386, 563, 1461, 1438}","[0.1733, 0.18, 0.2253, 0.1821]","[386, 563, 1461, 1438]",4
42.0,1123.0,1.0,{1206},[0.3101],[1206],1
42.0,612.0,10.0,{367},[0.3189],[367],1
46.0,851.0,5.0,{48},[0.2378],[48],1
46.0,416.0,7.0,"{228, 552, 364, 336, 565, 25}","[0.4211, 0.3686, 0.4118, 0.3804, 0.3693, 0.4058]","[228, 552, 364, 336, 565, 25]",6
46.0,953.0,8.0,"{226, 468, 614}","[0.3781, 0.5037, 0.4025]","[226, 468, 614]",3
47.0,522.0,3.0,{873},[0.2774],[873],1
47.0,900.0,7.0,"{296, 76, 112, 114, 758, 22, 474}","[0.4798, 0.5029, 0.4699, 0.4616, 0.5048, 0.4632, 0.4709]","[296, 76, 112, 114, 758, 22, 474]",7
48.0,137.0,8.0,{361},[0.4731],[361],1
49.0,644.0,8.0,"{136, 141}","[0.3659, 0.3777]","[136, 141]",2
50.0,925.0,10.0,"{928, 860}","[0.326, 0.2831]","[928, 860]",2
52.0,743.0,1.0,"{456, 746, 208}","[0.3753, 0.3746, 0.385]","[456, 746, 208]",3
52.0,454.0,4.0,"{896, 225, 611, 496, 599, 319}","[0.3993, 0.4163, 0.4265, 0.4015, 0.4179, 0.4129]","[896, 225, 611, 496, 599, 319]",6
52.0,598.0,5.0,{272},[0.3318],[272],1
52.0,295.0,10.0,"{288, 1026, 592, 1108}","[0.3044, 0.2622, 0.2781, 0.2649]","[288, 1026, 592, 1108]",4
53.0,236.0,10.0,{182},[0.3266],[182],1
54.0,230.0,2.0,"{100, 622, 145, 275, 342}","[0.4089, 0.4317, 0.4285, 0.4967, 0.4543]","[100, 622, 145, 275, 342]",5
54.0,1126.0,8.0,{969},[0.2904],[969],1
54.0,1507.0,10.0,{1038},[0.5],[1038],1
56.0,1083.0,5.0,{690},[0.2838],[690],1
56.0,345.0,8.0,{135},[0.511],[135],1
57.0,928.0,9.0,{274},[0.2575],[274],1
58.0,1395.0,1.0,{641},[0.3058],[641],1
58.0,277.0,2.0,"{321, 5, 367, 217, 93, 479}","[0.3842, 0.3832, 0.3961, 0.4033, 0.3959, 0.392]","[321, 5, 367, 217, 93, 479]",6
58.0,730.0,4.0,"{359, 297, 496, 273, 118, 571, 94}","[0.4626, 0.439, 0.4365, 0.4383, 0.4316, 0.4439, 0.4952]","[359, 297, 496, 273, 118, 571, 94]",7
58.0,747.0,6.0,"{0, 767}","[0.2739, 0.2639]","[0, 767]",2
58.0,1190.0,9.0,"{313, 450, 27, 301}","[0.3499, 0.2841, 0.3364, 0.2922]","[313, 450, 27, 301]",4
58.0,1570.0,10.0,{793},[0.3173],[793],1
59.0,336.0,3.0,{364},[0.4671],[364],1
59.0,541.0,4.0,"{723, 5}","[0.3824, 0.3891]","[723, 5]",2
59.0,186.0,6.0,"{99, 428, 174, 241, 342}","[0.4388, 0.4297, 0.4535, 0.4377, 0.4279]","[99, 428, 174, 241, 342]",5
60.0,384.0,4.0,"{867, 326, 884, 729, 186}","[0.4025, 0.3886, 0.3781, 0.3865, 0.3767]","[867, 326, 884, 729, 186]",5
60.0,183.0,7.0,"{216, 492, 479}","[0.3022, 0.321, 0.3218]","[216, 492, 479]",3
60.0,225.0,9.0,"{260, 454, 326, 174, 687, 273, 694, 220}","[0.4194, 0.4163, 0.4388, 0.4325, 0.4601, 0.4035, 0.4278, 0.4085]","[260, 454, 326, 174, 687, 273, 694, 220]",8
61.0,386.0,3.0,{734},[0.3724],[734],1
61.0,290.0,5.0,{808},[0.3462],[808],1
61.0,938.0,8.0,{112},[0.3733],[112],1
62.0,674.0,4.0,{516},[0.2846],[516],1
62.0,1622.0,5.0,{765},[0.2626],[765],1
63.0,1065.0,2.0,{1270},[0.3066],[1270],1
63.0,160.0,8.0,"{56, 361}","[0.3719, 0.3859]","[56, 361]",2
63.0,1286.0,9.0,{1401},[0.4382],[1401],1
64.0,310.0,8.0,"{257, 178}","[0.4087, 0.3744]","[257, 178]",2
65.0,720.0,4.0,{14},[0.3168],[14],1
65.0,1294.0,5.0,{17},[0.2249],[17],1
65.0,1003.0,6.0,"{817, 615}","[0.2975, 0.3549]","[817, 615]",2
65.0,457.0,8.0,{250},[0.3663],[250],1
65.0,912.0,9.0,{134},[0.181],[134],1
65.0,1119.0,10.0,{30},[0.2471],[30],1
66.0,731.0,5.0,{95},[0.2757],[95],1
67.0,119.0,5.0,{318},[0.3127],[318],1
67.0,276.0,8.0,"{329, 342}","[0.4329, 0.4149]","[329, 342]",2
69.0,815.0,3.0,{72},[0.2527],[72],1
70.0,1118.0,8.0,"{961, 412}","[0.3549, 0.3249]","[961, 412]",2
70.0,470.0,10.0,"{390, 231, 47, 80, 22, 1016}","[0.3497, 0.3399, 0.3947, 0.3483, 0.3601, 0.3636]","[390, 231, 47, 80, 22, 1016]",6
71.0,584.0,5.0,{78},[0.3555],[78],1
71.0,1240.0,6.0,"{328, 834, 363, 55}","[0.4027, 0.416, 0.3883, 0.4299]","[328, 834, 363, 55]",4
71.0,1079.0,7.0,{241},[0.3928],[241],1
71.0,522.0,8.0,{873},[0.2774],[873],1
72.0,454.0,1.0,"{496, 599}","[0.4015, 0.4179]","[496, 599]",2
72.0,1499.0,2.0,{548},[0.3876],[548],1
72.0,762.0,7.0,"{552, 257}","[0.3153, 0.2823]","[552, 257]",2
72.0,776.0,8.0,{76},[0.2225],[76],1
73.0,773.0,2.0,"{368, 504}","[0.4533, 0.452]","[368, 504]",2
73.0,1020.0,5.0,{112},[0.3874],[112],1
75.0,951.0,1.0,"{584, 21}","[0.3699, 0.2607]","[584, 21]",2
75.0,505.0,3.0,"{692, 5}","[0.325, 0.317]","[692, 5]",2
75.0,990.0,5.0,{589},[0.349],[589],1
75.0,1068.0,6.0,{889},[0.3091],[889],1
75.0,1590.0,10.0,"{897, 802, 1317}","[0.5775, 0.2689, 0.2805]","[897, 802, 1317]",3
76.0,884.0,10.0,{260},[0.4199],[260],1
77.0,678.0,1.0,{314},[0.3659],[314],1
78.0,152.0,6.0,{182},[0.2366],[182],1
79.0,637.0,4.0,{510},[0.172],[510],1
80.0,1078.0,4.0,"{744, 255}","[0.336, 0.4079]","[744, 255]",2
80.0,1438.0,5.0,{1060},[0.2417],[1060],1
80.0,132.0,6.0,{787},[0.3763],[787],1
80.0,1419.0,9.0,"{595, 1059, 1069}","[0.1782, 0.1642, 0.1703]","[595, 1059, 1069]",3
81.0,588.0,3.0,{595},[0.3439],[595],1
81.0,935.0,5.0,"{24, 10, 26}","[0.3197, 0.3404, 0.3048]","[24, 10, 26]",3
81.0,661.0,10.0,{695},[0.2947],[695],1
82.0,273.0,3.0,"{101, 240, 118, 254, 31}","[0.5374, 0.5236, 0.5958, 0.5385, 0.5307]","[101, 240, 118, 254, 31]",5
82.0,1020.0,6.0,"{99, 5, 118}","[0.3838, 0.4202, 0.3908]","[99, 5, 118]",3
82.0,128.0,7.0,{501},[0.2649],[501],1
83.0,397.0,2.0,"{72, 130, 115, 184}","[0.2636, 0.2887, 0.2911, 0.3054]","[72, 130, 115, 184]",4
83.0,921.0,9.0,{28},[0.2456],[28],1
84.0,564.0,4.0,"{124, 809, 364}","[0.2873, 0.3974, 0.2828]","[124, 809, 364]",3
84.0,563.0,10.0,{413},[0.2597],[413],1
87.0,612.0,1.0,{321},[0.3272],[321],1
88.0,951.0,4.0,{1125},[0.2707],[1125],1
88.0,152.0,5.0,"{236, 182}","[0.2662, 0.2366]","[236, 182]",2
89.0,505.0,4.0,"{5, 94}","[0.317, 0.3352]","[5, 94]",2
90.0,826.0,3.0,"{328, 834, 14}","[0.3206, 0.3122, 0.3119]","[328, 834, 14]",3
90.0,188.0,10.0,"{473, 482, 822}","[0.3356, 0.304, 0.3052]","[473, 482, 822]",3
91.0,1312.0,3.0,{1143},[0.2618],[1143],1
92.0,1356.0,9.0,{1277},[0.3911],[1277],1
93.0,300.0,4.0,{692},[0.3569],[692],1
93.0,1072.0,10.0,{601},[0.3787],[601],1
94.0,951.0,10.0,{21},[0.2607],[21],1
95.0,981.0,6.0,"{179, 405, 767}","[0.2991, 0.3185, 0.3334]","[179, 405, 767]",3
95.0,500.0,9.0,"{216, 81}","[0.3891, 0.3653]","[216, 81]",2
96.0,569.0,3.0,"{329, 66, 191, 623}","[0.278, 0.2825, 0.2895, 0.2846]","[329, 66, 191, 623]",4
96.0,988.0,10.0,{119},[0.2734],[119],1
97.0,37.0,3.0,"{363, 447}","[0.3403, 0.3787]","[363, 447]",2
97.0,765.0,6.0,{68},[0.2521],[68],1
97.0,198.0,9.0,"{24, 367, 357, 103}","[0.3744, 0.3841, 0.4058, 0.3901]","[24, 367, 357, 103]",4
98.0,1292.0,1.0,{325},[0.2209],[325],1
98.0,1084.0,3.0,"{512, 73, 597, 133}","[0.2651, 0.2526, 0.3055, 0.263]","[512, 73, 597, 133]",4
99.0,446.0,8.0,"{140, 364}","[0.3141, 0.3152]","[140, 364]",2
99.0,535.0,9.0,{754},[0.342],[754],1
99.0,500.0,10.0,"{297, 47}","[0.3625, 0.4527]","[297, 47]",2
100.0,440.0,10.0,"{34, 326, 460, 657, 754, 697, 540}","[0.3478, 0.353, 0.3462, 0.3568, 0.4498, 0.37, 0.4377]","[34, 326, 460, 657, 754, 697, 540]",7
102.0,1245.0,7.0,"{323, 586, 844, 118, 475}","[0.3163, 0.3029, 0.2992, 0.3065, 0.3068]","[323, 586, 844, 118, 475]",5
103.0,440.0,6.0,"{34, 460}","[0.3478, 0.3462]","[34, 460]",2
104.0,1091.0,8.0,"{298, 228, 862}","[0.3016, 0.3726, 0.2839]","[298, 228, 862]",3
105.0,1057.0,4.0,{1198},[0.2914],[1198],1
105.0,885.0,5.0,"{858, 604, 61}","[0.3489, 0.3793, 0.41]","[858, 604, 61]",3
105.0,968.0,8.0,{913},[0.2937],[913],1
105.0,583.0,10.0,{367},[0.3824],[367],1
110.0,1445.0,2.0,"{138, 6}","[0.18, 0.1671]","[138, 6]",2
110.0,75.0,4.0,"{142, 527, 211, 61, 886, 895, 29, 31}","[0.3876, 0.3811, 0.475, 0.3863, 0.4017, 0.398, 0.3862, 0.3847]","[142, 527, 211, 61, 886, 895, 29, 31]",8
110.0,720.0,6.0,"{539, 14}","[0.3634, 0.3168]","[539, 14]",2
110.0,70.0,8.0,"{480, 919, 218, 231}","[0.398, 0.4279, 0.4061, 0.4096]","[480, 919, 218, 231]",4
110.0,1566.0,9.0,{830},[0.3368],[830],1
111.0,1006.0,4.0,"{86, 613, 198}","[0.3114, 0.2893, 0.2939]","[86, 613, 198]",3
111.0,1069.0,6.0,{49},[0.3169],[49],1
114.0,940.0,8.0,{271},[0.2924],[271],1
115.0,921.0,5.0,"{1013, 30}","[0.2377, 0.252]","[1013, 30]",2
115.0,1553.0,7.0,{1013},[0.2037],[1013],1
116.0,1312.0,1.0,"{453, 1143}","[0.265, 0.2618]","[453, 1143]",2
116.0,1330.0,7.0,"{164, 453}","[0.3082, 0.3742]","[164, 453]",2
117.0,63.0,9.0,"{209, 49, 181, 103}","[0.3591, 0.3254, 0.303, 0.3341]","[209, 49, 181, 103]",4
118.0,1533.0,4.0,{775},[0.6299],[775],1
118.0,1118.0,5.0,{598},[0.3459],[598],1
119.0,1006.0,7.0,{86},[0.3114],[86],1
119.0,542.0,8.0,"{1004, 14, 799}","[0.2613, 0.2757, 0.2688]","[1004, 14, 799]",3
121.0,176.0,10.0,"{552, 173, 445}","[0.3136, 0.3755, 0.2912]","[552, 173, 445]",3
122.0,1579.0,9.0,{395},[0.1725],[395],1
122.0,22.0,10.0,"{408, 161, 216, 247}","[0.5805, 0.5957, 0.58, 0.6337]","[408, 161, 216, 247]",4
124.0,333.0,5.0,"{200, 216, 669, 423}","[0.401, 0.4006, 0.4244, 0.3979]","[200, 216, 669, 423]",4
124.0,619.0,8.0,{649},[0.2883],[649],1
125.0,241.0,3.0,{5},[0.5064],[5],1
126.0,418.0,1.0,"{482, 101, 367, 693, 408, 254}","[0.4036, 0.358, 0.3785, 0.3864, 0.3767, 0.393]","[482, 101, 367, 693, 408, 254]",6
126.0,884.0,3.0,"{186, 260}","[0.421, 0.4199]","[186, 260]",2
126.0,560.0,6.0,{937},[0.4462],[937],1
127.0,565.0,2.0,"{416, 97, 552, 204, 336, 120, 25}","[0.3693, 0.3508, 0.3393, 0.364, 0.3559, 0.3512, 0.3601]","[416, 97, 552, 204, 336, 120, 25]",7
127.0,563.0,3.0,{413},[0.2597],[413],1
128.0,844.0,3.0,{735},[0.3372],[735],1
128.0,275.0,10.0,"{725, 91, 101, 342}","[0.4894, 0.5149, 0.4938, 0.5465]","[725, 91, 101, 342]",4
129.0,1294.0,6.0,{17},[0.2249],[17],1
129.0,1155.0,10.0,"{482, 802, 67, 9, 498}","[0.2845, 0.3224, 0.341, 0.298, 0.2761]","[482, 802, 67, 9, 498]",5
130.0,490.0,2.0,"{25, 364, 141}","[0.3208, 0.3359, 0.3462]","[25, 364, 141]",3
131.0,1070.0,3.0,{1110},[0.351],[1110],1
131.0,771.0,6.0,{209},[0.2708],[209],1
131.0,208.0,10.0,"{456, 504, 114, 102}","[0.5305, 0.5479, 0.5149, 0.5286]","[456, 504, 114, 102]",4
136.0,532.0,4.0,"{456, 82}","[0.3331, 0.3337]","[456, 82]",2
136.0,743.0,10.0,{456},[0.3753],[456],1
139.0,180.0,6.0,"{49, 101, 357, 367}","[0.3282, 0.3142, 0.3308, 0.3211]","[49, 101, 357, 367]",4
139.0,599.0,7.0,"{496, 273, 694, 454}","[0.4507, 0.4654, 0.4193, 0.4179]","[496, 273, 694, 454]",4
140.0,1419.0,10.0,{595},[0.1782],[595],1
141.0,565.0,2.0,{552},[0.3393],[552],1
142.0,1579.0,2.0,"{736, 214}","[0.1873, 0.1487]","[736, 214]",2
143.0,276.0,4.0,"{288, 321, 479}","[0.4093, 0.4122, 0.4298]","[288, 321, 479]",3
143.0,295.0,6.0,{288},[0.3044],[288],1
143.0,723.0,8.0,{326},[0.4162],[326],1
144.0,1601.0,1.0,{775},[0.504],[775],1
144.0,1167.0,2.0,"{261, 72, 652, 175, 95}","[0.2426, 0.2682, 0.2597, 0.2639, 0.2603]","[261, 72, 652, 175, 95]",5
144.0,1445.0,3.0,{6},[0.1671],[6],1
144.0,725.0,8.0,"{342, 34, 5, 118}","[0.4978, 0.4524, 0.4927, 0.4809]","[342, 34, 5, 118]",4
144.0,746.0,9.0,"{864, 408}","[0.4713, 0.4772]","[864, 408]",2
144.0,697.0,10.0,"{288, 235, 5, 118}","[0.3842, 0.3841, 0.4102, 0.4086]","[288, 235, 5, 118]",4
145.0,236.0,8.0,{221},[0.32],[221],1
146.0,1579.0,6.0,{736},[0.1873],[736],1
146.0,522.0,10.0,"{873, 665}","[0.2774, 0.2577]","[873, 665]",2
147.0,374.0,1.0,{53},[0.3379],[53],1
148.0,757.0,4.0,{543},[0.3791],[543],1
148.0,649.0,9.0,{479},[0.4541],[479],1
149.0,1605.0,1.0,{660},[0.1045],[660],1
149.0,183.0,5.0,"{216, 734}","[0.3022, 0.3237]","[216, 734]",2
149.0,417.0,7.0,{354},[0.4694],[354],1
149.0,569.0,8.0,{496},[0.2806],[496],1
151.0,41.0,7.0,"{676, 855}","[0.2628, 0.3482]","[676, 855]",2
151.0,990.0,9.0,{425},[0.3103],[425],1
151.0,152.0,10.0,"{208, 613, 182}","[0.2399, 0.2372, 0.2366]","[208, 613, 182]",3
152.0,1225.0,8.0,{51},[0.2595],[51],1
153.0,974.0,6.0,{794},[0.2934],[794],1
154.0,692.0,7.0,{550},[0.375],[550],1
154.0,1226.0,9.0,{588},[0.3091],[588],1
154.0,1196.0,10.0,"{969, 873}","[0.2949, 0.269]","[969, 873]",2
155.0,1257.0,4.0,"{252, 269}","[0.3102, 0.3033]","[252, 269]",2
156.0,661.0,10.0,{148},[0.2916],[148],1
158.0,779.0,5.0,{330},[0.4347],[330],1
158.0,703.0,7.0,{513},[0.3774],[513],1
158.0,581.0,9.0,{692},[0.3434],[692],1
159.0,541.0,4.0,{260},[0.445],[260],1
162.0,743.0,3.0,{456},[0.3753],[456],1
162.0,698.0,6.0,"{146, 14}","[0.5362, 0.5639]","[146, 14]",2
162.0,186.0,7.0,"{428, 99, 260, 174}","[0.4297, 0.4388, 0.4551, 0.4535]","[428, 99, 260, 174]",4
162.0,968.0,9.0,"{646, 703}","[0.3064, 0.2932]","[646, 703]",2
163.0,700.0,4.0,"{72, 950}","[0.2384, 0.2533]","[72, 950]",2
163.0,1319.0,9.0,"{608, 380}","[0.1246, 0.1195]","[608, 380]",2
164.0,1166.0,9.0,{609},[0.3691],[609],1
164.0,1319.0,10.0,{380},[0.1195],[380],1
166.0,353.0,5.0,{280},[0.2631],[280],1
169.0,1469.0,2.0,{365},[0.2239],[365],1
171.0,681.0,3.0,{184},[0.3407],[184],1
173.0,755.0,7.0,"{890, 51, 652, 85}","[0.2965, 0.2781, 0.276, 0.2827]","[890, 51, 652, 85]",4
173.0,940.0,9.0,{250},[0.289],[250],1
175.0,701.0,6.0,{1139},[0.4243],[1139],1
175.0,808.0,9.0,"{216, 290}","[0.3441, 0.3462]","[216, 290]",2
176.0,37.0,7.0,{201},[0.3477],[201],1
178.0,544.0,5.0,{471},[0.4633],[471],1
178.0,379.0,9.0,"{299, 619}","[0.3429, 0.3029]","[299, 619]",2
179.0,345.0,5.0,"{309, 877, 135}","[0.4883, 0.5572, 0.511]","[309, 877, 135]",3
179.0,67.0,6.0,"{856, 299, 260}","[0.4478, 0.3873, 0.4005]","[856, 299, 260]",3
180.0,951.0,10.0,{21},[0.2607],[21],1
182.0,1042.0,1.0,{719},[0.2086],[719],1
182.0,378.0,6.0,"{63, 38, 534}","[0.3026, 0.2677, 0.2852]","[63, 38, 534]",3
183.0,1072.0,6.0,{326},[0.3722],[326],1
184.0,379.0,5.0,{133},[0.2752],[133],1
186.0,1319.0,6.0,{83},[0.0992],[83],1
187.0,36.0,1.0,{101},[0.5065],[101],1
187.0,676.0,10.0,{140},[0.3784],[140],1
189.0,891.0,2.0,{98},[0.2872],[98],1
189.0,1098.0,8.0,{325},[0.2649],[325],1
190.0,1537.0,7.0,{1098},[0.1595],[1098],1
191.0,822.0,2.0,"{216, 329, 53, 734}","[0.3702, 0.39, 0.3625, 0.3889]","[216, 329, 53, 734]",4
192.0,137.0,2.0,"{361, 241}","[0.4731, 0.4774]","[361, 241]",2
192.0,1319.0,5.0,"{608, 380}","[0.1246, 0.1195]","[608, 380]",2
192.0,579.0,8.0,{703},[0.2771],[703],1
192.0,1009.0,10.0,"{703, 571, 359}","[0.3698, 0.3723, 0.4064]","[703, 571, 359]",3
193.0,623.0,7.0,"{200, 297, 53, 216, 571}","[0.4287, 0.4252, 0.448, 0.4587, 0.4273]","[200, 297, 53, 216, 571]",5
194.0,133.0,5.0,{49},[0.4391],[49],1
195.0,844.0,3.0,{802},[0.3229],[802],1
195.0,601.0,4.0,"{729, 238}","[0.4022, 0.3947]","[729, 238]",2
195.0,70.0,7.0,"{99, 231}","[0.3913, 0.4096]","[99, 231]",2
195.0,1116.0,9.0,{85},[0.3279],[85],1
203.0,1120.0,7.0,"{713, 243, 214, 807}","[0.2855, 0.279, 0.3231, 0.3617]","[713, 243, 214, 807]",4
205.0,152.0,4.0,"{208, 182}","[0.2399, 0.2366]","[208, 182]",2
205.0,594.0,7.0,"{60, 95, 719}","[0.3803, 0.3266, 0.3237]","[60, 95, 719]",3
207.0,1294.0,10.0,{17},[0.2249],[17],1
208.0,1044.0,8.0,"{1113, 978, 773}","[0.2821, 0.2582, 0.2892]","[1113, 978, 773]",3
210.0,70.0,6.0,{99},[0.3913],[99],1
214.0,400.0,1.0,"{49, 157}","[0.2811, 0.2749]","[49, 157]",2
215.0,186.0,1.0,{342},[0.4279],[342],1
217.0,1537.0,2.0,{1098},[0.1595],[1098],1
217.0,115.0,10.0,"{681, 719}","[0.3512, 0.4144]","[681, 719]",2
219.0,287.0,3.0,{49},[0.2907],[49],1
221.0,664.0,3.0,{9},[0.317],[9],1
221.0,1047.0,9.0,{94},[0.3287],[94],1
222.0,566.0,3.0,{861},[0.2454],[861],1
224.0,63.0,2.0,"{321, 209, 49, 103}","[0.3047, 0.3591, 0.3254, 0.3341]","[321, 209, 49, 103]",4
226.0,951.0,1.0,{729},[0.2565],[729],1
226.0,524.0,2.0,{687},[0.2597],[687],1
226.0,954.0,3.0,"{1049, 1236, 20, 877}","[0.2666, 0.2684, 0.3151, 0.2744]","[1049, 1236, 20, 877]",4
226.0,1583.0,7.0,{1009},[0.2433],[1009],1
226.0,133.0,8.0,"{49, 273, 502, 695, 856, 89}","[0.4391, 0.393, 0.4387, 0.4178, 0.4751, 0.4678]","[49, 273, 502, 695, 856, 89]",6
228.0,654.0,3.0,"{320, 435, 293}","[0.3477, 0.3824, 0.3773]","[320, 435, 293]",3
230.0,925.0,8.0,"{928, 860}","[0.326, 0.2831]","[928, 860]",2
231.0,795.0,9.0,{5},[0.3783],[5],1
231.0,888.0,10.0,"{571, 359}","[0.4793, 0.4637]","[571, 359]",2
233.0,1294.0,1.0,{17},[0.2249],[17],1
233.0,1082.0,6.0,{196},[0.284],[196],1
233.0,208.0,10.0,{102},[0.5286],[102],1
235.0,1121.0,8.0,"{715, 116}","[0.3394, 0.3108]","[715, 116]",2
236.0,121.0,6.0,{229},[0.4368],[229],1
237.0,495.0,3.0,{368},[0.3423],[368],1
238.0,644.0,1.0,"{136, 10, 427, 305, 382}","[0.3659, 0.3806, 0.3831, 0.3836, 0.4196]","[136, 10, 427, 305, 382]",5
239.0,1108.0,5.0,{260},[0.3401],[260],1
241.0,925.0,4.0,{736},[0.3027],[736],1
242.0,564.0,1.0,{25},[0.2759],[25],1
242.0,583.0,10.0,"{361, 394}","[0.3928, 0.4046]","[361, 394]",2
243.0,37.0,2.0,{366},[0.3791],[366],1
243.0,1245.0,5.0,{498},[0.2996],[498],1
246.0,128.0,3.0,"{242, 501}","[0.271, 0.2649]","[242, 501]",2
248.0,1032.0,4.0,{27},[0.3137],[27],1
248.0,300.0,8.0,"{1241, 1028}","[0.3538, 0.3638]","[1241, 1028]",2
248.0,812.0,10.0,"{1016, 500}","[0.2656, 0.2649]","[1016, 500]",2
250.0,109.0,5.0,{93},[0.3501],[93],1
250.0,158.0,6.0,"{24, 140, 357}","[0.3868, 0.3952, 0.3954]","[24, 140, 357]",3
251.0,630.0,6.0,"{1, 130, 491, 719}","[0.3745, 0.5075, 0.3464, 0.4371]","[1, 130, 491, 719]",4
253.0,109.0,7.0,{297},[0.3691],[297],1
254.0,1478.0,7.0,{1083},[0.3259],[1083],1
254.0,1601.0,10.0,{334},[0.2965],[334],1
255.0,682.0,9.0,{83},[0.3169],[83],1
256.0,797.0,9.0,{356},[0.2967],[356],1
257.0,1257.0,4.0,{252},[0.3102],[252],1
258.0,1533.0,1.0,{1405},[0.4096],[1405],1
258.0,1167.0,3.0,"{144, 98, 95, 719}","[0.2748, 0.2413, 0.2603, 0.2427]","[144, 98, 95, 719]",4
259.0,224.0,5.0,{0},[0.2173],[0],1
259.0,554.0,9.0,{719},[0.3266],[719],1
260.0,896.0,5.0,{920},[0.4296],[920],1
261.0,1319.0,7.0,{83},[0.0992],[83],1
265.0,304.0,1.0,{750},[0.3355],[750],1
270.0,1451.0,8.0,"{251, 287, 487}","[0.1401, 0.1496, 0.1165]","[251, 287, 487]",3
272.0,183.0,1.0,"{315, 492}","[0.3163, 0.321]","[315, 492]",2
278.0,236.0,2.0,{221},[0.32],[221],1
278.0,611.0,7.0,"{108, 260}","[0.4281, 0.4687]","[108, 260]",2
280.0,1607.0,1.0,{955},[0.1535],[955],1
281.0,570.0,7.0,{1},[0.243],[1],1
285.0,1046.0,1.0,"{920, 859, 1460}","[0.4063, 0.3592, 0.4283]","[920, 859, 1460]",3
285.0,851.0,8.0,"{104, 404}","[0.2454, 0.245]","[104, 404]",2
285.0,633.0,10.0,"{33, 291, 435, 817}","[0.3953, 0.4545, 0.3733, 0.3802]","[33, 291, 435, 817]",4
292.0,1042.0,9.0,{719},[0.2086],[719],1
294.0,63.0,7.0,"{209, 49}","[0.3591, 0.3254]","[209, 49]",2
295.0,593.0,1.0,"{99, 100, 78}","[0.2688, 0.2733, 0.2545]","[99, 100, 78]",3
296.0,509.0,4.0,{133},[0.3507],[133],1
296.0,925.0,5.0,{736},[0.3027],[736],1
300.0,96.0,8.0,"{347, 307, 247}","[0.5404, 0.5678, 0.5547]","[347, 307, 247]",3
301.0,69.0,9.0,{1077},[0.3122],[1077],1
301.0,153.0,10.0,"{136, 403}","[0.4211, 0.4289]","[136, 403]",2
302.0,152.0,6.0,{182},[0.2366],[182],1
302.0,694.0,10.0,{238},[0.5078],[238],1
304.0,152.0,4.0,{182},[0.2366],[182],1
305.0,1098.0,3.0,"{184, 630}","[0.3355, 0.2923]","[184, 630]",2
306.0,925.0,1.0,{860},[0.2831],[860],1
308.0,1311.0,6.0,{933},[0.5893],[933],1
309.0,1197.0,2.0,"{168, 1070}","[0.3067, 0.3093]","[168, 1070]",2
309.0,637.0,3.0,{510},[0.172],[510],1
309.0,383.0,6.0,"{734, 324, 373, 614}","[0.4833, 0.4025, 0.3995, 0.4114]","[734, 324, 373, 614]",4
310.0,1673.0,4.0,"{1073, 1244}","[0.3581, 0.2509]","[1073, 1244]",2
310.0,1445.0,6.0,{6},[0.1671],[6],1
310.0,1056.0,7.0,"{649, 479}","[0.3117, 0.3147]","[649, 479]",2
310.0,547.0,10.0,"{166, 200, 431, 53, 247, 57, 191}","[0.463, 0.4651, 0.457, 0.4662, 0.455, 0.4556, 0.4456]","[166, 200, 431, 53, 247, 57, 191]",7
311.0,951.0,5.0,{729},[0.2565],[729],1
311.0,970.0,8.0,"{25, 506}","[0.2604, 0.2613]","[25, 506]",2
313.0,720.0,4.0,{14},[0.3168],[14],1
313.0,1445.0,8.0,"{402, 1003, 6}","[0.1917, 0.2433, 0.1671]","[402, 1003, 6]",3
314.0,1168.0,3.0,{1079},[0.3782],[1079],1
314.0,105.0,9.0,{34},[0.4069],[34],1
315.0,1446.0,5.0,{55},[0.3684],[55],1
315.0,236.0,7.0,"{50, 93, 221, 182}","[0.3165, 0.3439, 0.32, 0.3266]","[50, 93, 221, 182]",4
315.0,1026.0,9.0,"{361, 154}","[0.3912, 0.3786]","[361, 154]",2
317.0,1155.0,5.0,{482},[0.2845],[482],1
318.0,693.0,3.0,"{321, 347, 423}","[0.4967, 0.4409, 0.4785]","[321, 347, 423]",3
318.0,89.0,6.0,"{77, 357, 423}","[0.4769, 0.4625, 0.4226]","[77, 357, 423]",3
318.0,275.0,7.0,{101},[0.4938],[101],1
318.0,973.0,8.0,"{408, 746, 469, 182}","[0.4428, 0.4477, 0.4294, 0.4437]","[408, 746, 469, 182]",4
318.0,133.0,10.0,"{502, 695}","[0.4387, 0.4178]","[502, 695]",2
319.0,236.0,5.0,{277},[0.6412],[277],1
323.0,925.0,2.0,{860},[0.2831],[860],1
323.0,111.0,7.0,{200},[0.4177],[200],1
323.0,1167.0,8.0,{652},[0.2597],[652],1
325.0,1046.0,5.0,{729},[0.4774],[729],1
325.0,1592.0,8.0,{441},[0.6097],[441],1
327.0,1114.0,2.0,"{600, 24}","[0.2642, 0.2907]","[600, 24]",2
328.0,392.0,6.0,{49},[0.2827],[49],1
329.0,745.0,1.0,"{83, 647}","[0.2878, 0.3118]","[83, 647]",2
329.0,646.0,3.0,"{216, 226, 47}","[0.4271, 0.4257, 0.4408]","[216, 226, 47]",3
329.0,1469.0,5.0,"{689, 365}","[0.2456, 0.2239]","[689, 365]",2
329.0,148.0,6.0,"{432, 89, 873, 49}","[0.3957, 0.4038, 0.4857, 0.4266]","[432, 89, 873, 49]",4
329.0,58.0,10.0,"{49, 357}","[0.3923, 0.4382]","[49, 357]",2
331.0,948.0,1.0,{78},[0.2719],[78],1
331.0,928.0,5.0,{608},[0.2764],[608],1
331.0,723.0,7.0,"{91, 319, 750, 238}","[0.4145, 0.4366, 0.4742, 0.4446]","[91, 319, 750, 238]",4
331.0,1151.0,8.0,"{275, 342}","[0.365, 0.3955]","[275, 342]",2
333.0,1445.0,4.0,"{349, 6}","[0.1785, 0.1671]","[349, 6]",2
334.0,842.0,2.0,{568},[0.2814],[568],1
335.0,1269.0,1.0,{667},[0.2918],[667],1
335.0,1549.0,2.0,{1199},[0.4203],[1199],1
335.0,16.0,3.0,"{337, 257, 316}","[0.3766, 0.3963, 0.3773]","[337, 257, 316]",3
335.0,36.0,5.0,"{34, 260, 101, 174, 273, 118}","[0.5393, 0.5069, 0.5065, 0.5037, 0.4989, 0.4903]","[34, 260, 101, 174, 273, 118]",6
335.0,533.0,8.0,"{250, 821, 21}","[0.2987, 0.3475, 0.3256]","[250, 821, 21]",3
335.0,37.0,9.0,{366},[0.3791],[366],1
335.0,915.0,10.0,{250},[0.2496],[250],1
336.0,569.0,3.0,"{571, 342}","[0.2786, 0.2787]","[571, 342]",2
337.0,925.0,7.0,{860},[0.2831],[860],1
338.0,376.0,6.0,"{60, 95}","[0.2627, 0.3009]","[60, 95]",2
339.0,896.0,1.0,"{496, 884, 687}","[0.4285, 0.4284, 0.4501]","[496, 884, 687]",3
339.0,1091.0,2.0,"{306, 165}","[0.2901, 0.3568]","[306, 165]",2
339.0,1046.0,10.0,{186},[0.361],[186],1
341.0,419.0,5.0,{762},[0.2155],[762],1
341.0,109.0,8.0,"{216, 297, 390, 47}","[0.368, 0.3691, 0.351, 0.3733]","[216, 297, 390, 47]",4
342.0,1391.0,7.0,{1095},[0.4262],[1095],1
342.0,110.0,8.0,"{99, 100, 166, 56, 220}","[0.4925, 0.4775, 0.4365, 0.4732, 0.4459]","[99, 100, 166, 56, 220]",5
343.0,522.0,1.0,{148},[0.35],[148],1
343.0,565.0,2.0,"{97, 647, 552, 336, 531, 25}","[0.3508, 0.3999, 0.3393, 0.3559, 0.3511, 0.3601]","[97, 647, 552, 336, 531, 25]",6
347.0,148.0,9.0,{49},[0.4266],[49],1
348.0,1215.0,2.0,{45},[0.3092],[45],1
348.0,1397.0,10.0,"{485, 949}","[0.3534, 0.3221]","[485, 949]",2
349.0,1650.0,9.0,{1058},[0.3059],[1058],1
352.0,262.0,3.0,"{496, 273, 856, 260}","[0.4165, 0.4117, 0.436, 0.3963]","[496, 273, 856, 260]",4
353.0,563.0,1.0,"{1270, 41, 878}","[0.283, 0.3025, 0.2701]","[1270, 41, 878]",3
353.0,646.0,5.0,"{356, 229, 390, 297, 47, 216, 351}","[0.5441, 0.4526, 0.4193, 0.4385, 0.4408, 0.4271, 0.4154]","[356, 229, 390, 297, 47, 216, 351]",7
353.0,1255.0,7.0,{1428},[0.4458],[1428],1
358.0,1469.0,1.0,{365},[0.2239],[365],1
358.0,762.0,6.0,{365},[0.3137],[365],1
358.0,1677.0,7.0,{1127},[0.1728],[1127],1
359.0,243.0,6.0,{139},[0.3512],[139],1
360.0,723.0,3.0,{319},[0.4366],[319],1
360.0,625.0,4.0,{319},[0.3328],[319],1
360.0,90.0,5.0,{94},[0.2784],[94],1
360.0,1677.0,6.0,{583},[0.1815],[583],1
360.0,260.0,7.0,"{101, 174, 78, 125, 94}","[0.5459, 0.592, 0.5521, 0.5514, 0.5365]","[101, 174, 78, 125, 94]",5
361.0,1456.0,4.0,{1164},[0.17],[1164],1
361.0,1196.0,6.0,{30},[0.2869],[30],1
364.0,1156.0,4.0,"{546, 475}","[0.3147, 0.3139]","[546, 475]",2
364.0,271.0,8.0,"{342, 359}","[0.3468, 0.376]","[342, 359]",2
364.0,703.0,9.0,"{323, 390, 687}","[0.4061, 0.37, 0.3691]","[323, 390, 687]",3
365.0,638.0,3.0,{856},[0.4077],[856],1
365.0,1156.0,5.0,{319},[0.3209],[319],1
366.0,1022.0,4.0,"{665, 148}","[0.35, 0.3098]","[665, 148]",2
366.0,1445.0,7.0,"{138, 349}","[0.18, 0.1785]","[138, 349]",2
366.0,1197.0,9.0,"{370, 1070}","[0.2653, 0.3093]","[370, 1070]",2
366.0,563.0,10.0,"{41, 413}","[0.3025, 0.2597]","[41, 413]",2
367.0,635.0,6.0,{361},[0.4095],[361],1
367.0,3.0,10.0,{172},[0.4433],[172],1
368.0,643.0,9.0,{403},[0.2646],[403],1
369.0,826.0,6.0,"{834, 18, 37, 14}","[0.3122, 0.3555, 0.3562, 0.3119]","[834, 18, 37, 14]",4
369.0,1433.0,7.0,{952},[0.5606],[952],1
369.0,611.0,9.0,"{884, 550}","[0.4555, 0.4272]","[884, 550]",2
372.0,570.0,5.0,{1},[0.243],[1],1
373.0,233.0,6.0,{613},[0.3546],[613],1
374.0,1245.0,4.0,"{137, 498, 118}","[0.3185, 0.2996, 0.3065]","[137, 498, 118]",3
375.0,397.0,3.0,"{130, 115}","[0.2887, 0.2911]","[130, 115]",2
376.0,1354.0,1.0,"{908, 262}","[0.3696, 0.3009]","[908, 262]",2
376.0,1253.0,5.0,{723},[0.3462],[723],1
376.0,16.0,8.0,"{693, 669}","[0.4089, 0.419]","[693, 669]",2
377.0,1020.0,6.0,"{96, 1026, 99, 5, 112, 275, 692, 118}","[0.4001, 0.3943, 0.3838, 0.4202, 0.3874, 0.3838, 0.3963, 0.3908]","[96, 1026, 99, 5, 112, 275, 692, 118]",8
379.0,878.0,5.0,{394},[0.3278],[394],1
379.0,1416.0,8.0,{1361},[0.483],[1361],1
381.0,1098.0,2.0,"{4, 630}","[0.2694, 0.2923]","[4, 630]",2
382.0,415.0,3.0,{364},[0.3129],[364],1
382.0,138.0,8.0,{216},[0.3165],[216],1
384.0,701.0,3.0,{857},[0.3803],[857],1
384.0,124.0,6.0,"{17, 83, 302}","[0.3804, 0.3942, 0.3918]","[17, 83, 302]",3
385.0,948.0,7.0,{78},[0.2719],[78],1
385.0,275.0,8.0,"{622, 241, 754, 725, 118}","[0.5016, 0.4991, 0.5081, 0.4894, 0.4891]","[622, 241, 754, 725, 118]",5
387.0,440.0,5.0,"{320, 657, 34}","[0.343, 0.3568, 0.3478]","[320, 657, 34]",3
387.0,1114.0,8.0,"{77, 52, 693, 86, 600, 24}","[0.2759, 0.2774, 0.3181, 0.2598, 0.2642, 0.2907]","[77, 52, 693, 86, 600, 24]",6
387.0,1359.0,9.0,"{202, 1356, 1309}","[0.3711, 0.4899, 0.3825]","[202, 1356, 1309]",3
388.0,851.0,3.0,{223},[0.3671],[223],1
390.0,1214.0,9.0,{1109},[0.3563],[1109],1
391.0,702.0,4.0,"{260, 567}","[0.3594, 0.3549]","[260, 567]",2
391.0,611.0,9.0,"{260, 319}","[0.4687, 0.4315]","[260, 319]",2
392.0,1294.0,8.0,{17},[0.2249],[17],1
393.0,898.0,7.0,{806},[0.3404],[806],1
394.0,951.0,6.0,{21},[0.2607],[21],1
394.0,277.0,9.0,"{321, 612, 101}","[0.3842, 0.4361, 0.41]","[321, 612, 101]",3
395.0,1197.0,5.0,{370},[0.2653],[370],1
396.0,638.0,1.0,"{299, 989}","[0.3312, 0.4613]","[299, 989]",2
396.0,1156.0,2.0,"{442, 867, 319}","[0.3375, 0.3572, 0.3209]","[442, 867, 319]",3
396.0,1451.0,3.0,{251},[0.1401],[251],1
396.0,1469.0,8.0,"{745, 365}","[0.2331, 0.2239]","[745, 365]",2
397.0,1245.0,7.0,{118},[0.3065],[118],1
397.0,63.0,9.0,"{209, 355, 181, 103}","[0.3591, 0.3557, 0.303, 0.3341]","[209, 355, 181, 103]",4
398.0,1444.0,6.0,{609},[0.2099],[609],1
399.0,1340.0,4.0,{344},[0.2525],[344],1
402.0,505.0,2.0,"{1026, 1097, 692, 436, 660, 94}","[0.3709, 0.4076, 0.325, 0.3456, 0.3792, 0.3352]","[1026, 1097, 692, 436, 660, 94]",6
402.0,1057.0,3.0,"{1403, 1356, 741, 1391}","[0.314, 0.3497, 0.3491, 0.3048]","[1403, 1356, 741, 1391]",4
402.0,1549.0,4.0,{1543},[0.5708],[1543],1
402.0,1151.0,6.0,"{888, 275, 342}","[0.3547, 0.365, 0.3955]","[888, 275, 342]",3
402.0,1425.0,7.0,"{1263, 1347, 933, 879}","[0.2236, 0.2185, 0.3162, 0.4246]","[1263, 1347, 933, 879]",4
402.0,1359.0,8.0,"{202, 659, 1356}","[0.3711, 0.5197, 0.4899]","[202, 659, 1356]",3
402.0,129.0,9.0,{1060},[0.347],[1060],1
402.0,186.0,10.0,"{342, 36, 750}","[0.4279, 0.4757, 0.4284]","[342, 36, 750]",3
404.0,1445.0,1.0,{138},[0.18],[138],1
404.0,720.0,2.0,{453},[0.3337],[453],1
405.0,1128.0,2.0,"{544, 528, 433}","[0.2675, 0.2727, 0.2701]","[544, 528, 433]",3
405.0,275.0,6.0,"{101, 241, 725, 118, 342, 91}","[0.4938, 0.4991, 0.4894, 0.4891, 0.5465, 0.5149]","[101, 241, 725, 118, 342, 91]",6
405.0,678.0,9.0,"{549, 479}","[0.4039, 0.3858]","[549, 479]",2
408.0,840.0,6.0,{177},[0.2757],[177],1
409.0,1349.0,3.0,"{659, 703}","[0.3556, 0.3148]","[659, 703]",2
409.0,692.0,5.0,"{513, 361}","[0.3813, 0.3881]","[513, 361]",2
409.0,236.0,6.0,"{50, 93, 221}","[0.3165, 0.3439, 0.32]","[50, 93, 221]",3
409.0,1590.0,8.0,{1105},[0.2342],[1105],1
409.0,1553.0,9.0,"{994, 948}","[0.1898, 0.1927]","[994, 948]",2
409.0,1469.0,10.0,"{745, 716, 365}","[0.2331, 0.2279, 0.2239]","[745, 716, 365]",3
410.0,1229.0,1.0,{98},[0.2816],[98],1
410.0,1292.0,9.0,{325},[0.2209],[325],1
412.0,547.0,3.0,"{200, 431, 53, 471}","[0.4651, 0.457, 0.4662, 0.4432]","[200, 431, 53, 471]",4
412.0,111.0,4.0,"{200, 53, 47}","[0.4177, 0.4396, 0.4133]","[200, 53, 47]",3
412.0,499.0,5.0,"{216, 356, 47}","[0.4555, 0.4894, 0.436]","[216, 356, 47]",3
412.0,587.0,7.0,{53},[0.4552],[53],1
413.0,1294.0,1.0,{59},[0.239],[59],1
414.0,1016.0,3.0,"{200, 471}","[0.5024, 0.4807]","[200, 471]",2
416.0,505.0,3.0,{692},[0.325],[692],1
417.0,69.0,3.0,"{543, 151}","[0.2834, 0.2956]","[543, 151]",2
417.0,152.0,6.0,"{208, 613, 182}","[0.2399, 0.2372, 0.2366]","[208, 613, 182]",3
417.0,1209.0,9.0,{1487},[0.5392],[1487],1
418.0,690.0,7.0,{260},[0.3337],[260],1
421.0,806.0,2.0,{44},[0.3538],[44],1
421.0,1597.0,3.0,"{106, 580}","[0.1994, 0.1687]","[106, 580]",2
421.0,312.0,7.0,{286},[0.4744],[286],1
423.0,1292.0,4.0,{519},[0.2318],[519],1
423.0,265.0,6.0,"{98, 51, 117}","[0.2991, 0.3895, 0.2889]","[98, 51, 117]",3
425.0,32.0,8.0,{161},[0.4771],[161],1
425.0,569.0,9.0,{66},[0.2825],[66],1
426.0,378.0,7.0,{534},[0.2852],[534],1
427.0,500.0,6.0,"{216, 297, 47}","[0.3891, 0.3625, 0.4527]","[216, 297, 47]",3
427.0,640.0,7.0,"{297, 939}","[0.2572, 0.3314]","[297, 939]",2
427.0,277.0,8.0,"{321, 5, 217, 101}","[0.3842, 0.3832, 0.4033, 0.41]","[321, 5, 217, 101]",4
427.0,878.0,10.0,{394},[0.3278],[394],1
428.0,1188.0,4.0,{414},[0.3245],[414],1
428.0,70.0,5.0,"{99, 100, 231, 232, 218}","[0.3913, 0.3871, 0.4096, 0.4259, 0.4061]","[99, 100, 231, 232, 218]",5
428.0,1425.0,9.0,"{411, 901}","[0.2274, 0.2499]","[411, 901]",2
428.0,457.0,10.0,"{250, 1357, 822}","[0.3663, 0.4069, 0.3424]","[250, 1357, 822]",3
430.0,520.0,7.0,{356},[0.3417],[356],1
431.0,37.0,1.0,"{201, 549}","[0.3477, 0.3427]","[201, 549]",2
431.0,850.0,3.0,{787},[0.3414],[787],1
431.0,679.0,6.0,{1222},[0.5669],[1222],1
431.0,607.0,7.0,"{778, 142}","[0.4869, 0.4643]","[778, 142]",2
431.0,110.0,10.0,"{56, 220, 100, 166}","[0.4732, 0.4459, 0.4775, 0.4365]","[56, 220, 100, 166]",4
433.0,365.0,9.0,"{862, 83, 614}","[0.3499, 0.3835, 0.3872]","[862, 83, 614]",3
437.0,1182.0,7.0,"{368, 758}","[0.3281, 0.3157]","[368, 758]",2
438.0,1200.0,2.0,{680},[0.2808],[680],1
439.0,938.0,1.0,{112},[0.3733],[112],1
439.0,418.0,5.0,{101},[0.358],[101],1
440.0,928.0,8.0,{274},[0.2575],[274],1
442.0,505.0,2.0,"{5, 436, 692, 660, 94, 1151}","[0.317, 0.3456, 0.325, 0.3792, 0.3352, 0.3203]","[5, 436, 692, 660, 94, 1151]",6
442.0,1395.0,3.0,{641},[0.3058],[641],1
442.0,1158.0,4.0,{1217},[0.4772],[1217],1
442.0,952.0,7.0,{1309},[0.4568],[1309],1
442.0,541.0,10.0,"{260, 5, 496, 754, 723, 660, 91}","[0.445, 0.3891, 0.3952, 0.4007, 0.3824, 0.3911, 0.3801]","[260, 5, 496, 754, 723, 660, 91]",7
443.0,30.0,5.0,{139},[0.609],[139],1
444.0,1159.0,4.0,"{10, 403}","[0.2653, 0.2583]","[10, 403]",2
445.0,1570.0,1.0,{793},[0.3173],[793],1
446.0,1265.0,4.0,{7},[0.3538],[7],1
446.0,35.0,9.0,{1346},[0.2833],[1346],1
447.0,968.0,1.0,"{714, 646, 703}","[0.3022, 0.3064, 0.2932]","[714, 646, 703]",3
447.0,1255.0,3.0,{1355},[0.3515],[1355],1
447.0,766.0,10.0,"{1072, 949, 951}","[0.4287, 0.3145, 0.3561]","[1072, 949, 951]",3
448.0,779.0,4.0,{574},[0.3476],[574],1
448.0,273.0,5.0,"{240, 31, 101, 367}","[0.5236, 0.5307, 0.5374, 0.5353]","[240, 31, 101, 367]",4
448.0,968.0,10.0,{646},[0.3064],[646],1
450.0,843.0,7.0,"{379, 299}","[0.2749, 0.3051]","[379, 299]",2
451.0,1319.0,8.0,{380},[0.1195],[380],1
453.0,1032.0,3.0,"{126, 966, 1383}","[0.428, 0.3252, 0.504]","[126, 966, 1383]",3
453.0,224.0,8.0,{59},[0.2246],[59],1
454.0,105.0,1.0,"{34, 91}","[0.4069, 0.3867]","[34, 91]",2
454.0,1245.0,3.0,"{323, 118, 475}","[0.3163, 0.3065, 0.3068]","[323, 118, 475]",3
454.0,1592.0,5.0,{441},[0.6097],[441],1
454.0,876.0,8.0,"{355, 483}","[0.2863, 0.3086]","[355, 483]",2
454.0,1111.0,10.0,{785},[0.2716],[785],1
455.0,798.0,10.0,"{876, 676}","[0.3158, 0.2833]","[876, 676]",2
457.0,455.0,10.0,"{552, 1104, 364, 647}","[0.3071, 0.4106, 0.2954, 0.3253]","[552, 1104, 364, 647]",4
459.0,597.0,7.0,{512},[0.2903],[512],1
461.0,1070.0,2.0,"{211, 758}","[0.3569, 0.3502]","[211, 758]",2
461.0,564.0,9.0,"{656, 364}","[0.285, 0.2828]","[656, 364]",2
462.0,990.0,4.0,{589},[0.349],[589],1
463.0,109.0,1.0,"{216, 297, 47}","[0.368, 0.3691, 0.3733]","[216, 297, 47]",3
463.0,1425.0,3.0,{933},[0.3162],[933],1
463.0,418.0,4.0,"{321, 100, 101, 367, 433, 408, 254}","[0.3679, 0.3952, 0.358, 0.3785, 0.3613, 0.3767, 0.393]","[321, 100, 101, 367, 433, 408, 254]",7
463.0,664.0,6.0,"{604, 29, 710}","[0.3079, 0.2952, 0.2952]","[604, 29, 710]",3
463.0,686.0,10.0,{11},[0.2789],[11],1
464.0,1245.0,1.0,{118},[0.3065],[118],1
464.0,982.0,2.0,"{920, 275, 5}","[0.4147, 0.4613, 0.4114]","[920, 275, 5]",3
464.0,1156.0,3.0,{795},[0.3186],[795],1
464.0,1033.0,10.0,{636},[0.5698],[636],1
465.0,637.0,7.0,{266},[0.172],[266],1
466.0,919.0,7.0,"{528, 345, 7}","[0.3932, 0.4046, 0.4345]","[528, 345, 7]",3
466.0,1061.0,8.0,{27},[0.3245],[27],1
467.0,1294.0,1.0,{17},[0.2249],[17],1
467.0,1445.0,4.0,{6},[0.1671],[6],1
467.0,1458.0,8.0,{857},[0.378],[857],1
467.0,183.0,10.0,"{216, 460, 734}","[0.3022, 0.3062, 0.3237]","[216, 460, 734]",3
468.0,859.0,8.0,"{867, 949, 687}","[0.3517, 0.3758, 0.3948]","[867, 949, 687]",3
468.0,110.0,10.0,"{174, 238}","[0.4658, 0.4743]","[174, 238]",2
469.0,601.0,10.0,{238},[0.3947],[238],1
470.0,574.0,2.0,{337},[0.3645],[337],1
471.0,743.0,3.0,"{456, 208}","[0.3753, 0.385]","[456, 208]",2
471.0,593.0,6.0,{99},[0.2688],[99],1
471.0,1004.0,7.0,"{211, 172}","[0.3228, 0.3275]","[211, 172]",2
471.0,623.0,8.0,"{191, 200, 329, 297, 53, 31}","[0.4848, 0.4287, 0.4479, 0.4252, 0.448, 0.4476]","[191, 200, 329, 297, 53, 31]",6
472.0,45.0,6.0,{222},[0.4043],[222],1
474.0,982.0,5.0,{436},[0.4995],[436],1
475.0,151.0,8.0,"{136, 403, 140}","[0.432, 0.4748, 0.4002]","[136, 403, 140]",3
476.0,257.0,6.0,"{33, 291, 435}","[0.346, 0.3478, 0.3612]","[33, 291, 435]",3
477.0,37.0,1.0,"{201, 363}","[0.3477, 0.3403]","[201, 363]",2
477.0,566.0,7.0,"{68, 86}","[0.2413, 0.2543]","[68, 86]",2
477.0,777.0,8.0,{437},[0.3997],[437],1
477.0,501.0,10.0,{209},[0.4199],[209],1
478.0,1607.0,1.0,"{955, 223}","[0.1535, 0.1222]","[955, 223]",2
478.0,1159.0,4.0,"{305, 10, 403, 87}","[0.2922, 0.2653, 0.2583, 0.3297]","[305, 10, 403, 87]",4
478.0,1566.0,6.0,{1534},[0.3882],[1534],1
479.0,564.0,1.0,"{25, 364}","[0.2759, 0.2828]","[25, 364]",2
479.0,505.0,3.0,{5},[0.317],[5],1
479.0,1277.0,6.0,"{80, 20}","[0.3662, 0.3448]","[80, 20]",2
482.0,453.0,2.0,{732},[0.3689],[732],1
482.0,505.0,3.0,"{660, 5}","[0.3792, 0.317]","[660, 5]",2
483.0,341.0,7.0,{199},[0.3217],[199],1
485.0,519.0,1.0,"{652, 1103, 404, 1015, 280, 187}","[0.2355, 0.2422, 0.2181, 0.2996, 0.2185, 0.2351]","[652, 1103, 404, 1015, 280, 187]",6
485.0,1075.0,6.0,{1181},[0.2981],[1181],1
486.0,420.0,5.0,{157},[0.3066],[157],1
488.0,765.0,3.0,{68},[0.2521],[68],1
489.0,440.0,3.0,"{540, 326}","[0.4377, 0.353]","[540, 326]",2
489.0,473.0,4.0,"{9, 315, 53, 254}","[0.4632, 0.4209, 0.4307, 0.4261]","[9, 315, 53, 254]",4
489.0,503.0,5.0,"{96, 88, 221, 303}","[0.4404, 0.4355, 0.4141, 0.4009]","[96, 88, 221, 303]",4
489.0,968.0,8.0,{37},[0.3146],[37],1
490.0,1530.0,7.0,{143},[0.3912],[143],1
491.0,593.0,1.0,{308},[0.3243],[308],1
491.0,1359.0,3.0,{1309},[0.3825],[1309],1
492.0,169.0,5.0,{235},[0.3596],[235],1
493.0,1196.0,5.0,"{873, 863}","[0.269, 0.2985]","[873, 863]",2
494.0,623.0,1.0,"{216, 329, 31, 297}","[0.4587, 0.4479, 0.4476, 0.4252]","[216, 329, 31, 297]",4
494.0,63.0,3.0,"{321, 209, 49}","[0.3047, 0.3591, 0.3254]","[321, 209, 49]",3
494.0,276.0,8.0,"{329, 321}","[0.4329, 0.4122]","[329, 321]",2
496.0,878.0,1.0,{394},[0.3278],[394],1
496.0,1074.0,8.0,{992},[0.3696],[992],1
498.0,625.0,4.0,{795},[0.3173],[795],1
498.0,768.0,6.0,{421},[0.3058],[421],1
498.0,1126.0,10.0,"{969, 427}","[0.2904, 0.3227]","[969, 427]",2
499.0,1032.0,1.0,{966},[0.3252],[966],1
499.0,505.0,5.0,"{475, 1151}","[0.3868, 0.3203]","[475, 1151]",2
499.0,1590.0,7.0,{1105},[0.2342],[1105],1
499.0,1038.0,9.0,{659},[0.3182],[659],1
500.0,1445.0,6.0,"{1188, 6}","[0.2259, 0.1671]","[1188, 6]",2
500.0,676.0,8.0,"{140, 204, 209}","[0.3784, 0.3653, 0.3528]","[140, 204, 209]",3
501.0,1110.0,4.0,"{698, 834}","[0.4004, 0.4208]","[698, 834]",2
501.0,92.0,6.0,"{337, 669, 423}","[0.3774, 0.3825, 0.405]","[337, 669, 423]",3
501.0,951.0,8.0,"{584, 729}","[0.3699, 0.2565]","[584, 729]",2
502.0,626.0,2.0,{459},[0.2275],[459],1
504.0,954.0,1.0,{20},[0.3151],[20],1
504.0,396.0,4.0,{1054},[0.3981],[1054],1
504.0,378.0,5.0,{148},[0.2971],[148],1
504.0,1047.0,6.0,"{258, 260}","[0.3464, 0.3206]","[258, 260]",2
505.0,611.0,4.0,{108},[0.4281],[108],1
505.0,707.0,9.0,{103},[0.3317],[103],1
508.0,863.0,1.0,{1},[0.3067],[1],1
511.0,1014.0,4.0,{92},[0.31],[92],1
511.0,1562.0,10.0,"{1378, 983}","[0.2872, 0.3553]","[1378, 983]",2
512.0,1102.0,9.0,{416},[0.2703],[416],1
513.0,851.0,10.0,"{72, 404, 48, 104}","[0.2577, 0.245, 0.2378, 0.2454]","[72, 404, 48, 104]",4
516.0,1286.0,2.0,"{1344, 1401}","[0.3451, 0.4382]","[1344, 1401]",2
516.0,843.0,3.0,"{330, 262}","[0.2879, 0.298]","[330, 262]",2
516.0,1255.0,5.0,{1355},[0.3515],[1355],1
517.0,588.0,10.0,{595},[0.3439],[595],1
519.0,206.0,9.0,{755},[0.279],[755],1
520.0,214.0,10.0,"{1, 325, 807}","[0.3073, 0.3692, 0.3368]","[1, 325, 807]",3
522.0,638.0,7.0,{567},[0.3884],[567],1
523.0,1341.0,2.0,{1017},[0.3427],[1017],1
523.0,731.0,8.0,"{339, 555, 525}","[0.3185, 0.2712, 0.262]","[339, 555, 525]",3
523.0,1282.0,9.0,{1216},[0.3059],[1216],1
524.0,138.0,5.0,{216},[0.3165],[216],1
524.0,106.0,6.0,"{52, 247}","[0.3292, 0.3106]","[52, 247]",2
525.0,1472.0,9.0,{793},[0.2656],[793],1
526.0,770.0,6.0,{331},[0.2569],[331],1
526.0,1451.0,9.0,{251},[0.1401],[251],1
528.0,460.0,4.0,"{423, 200, 9, 329, 299, 240, 254}","[0.4336, 0.4059, 0.4339, 0.4075, 0.4147, 0.4028, 0.4307]","[423, 200, 9, 329, 299, 240, 254]",7
528.0,884.0,5.0,"{260, 599, 687}","[0.4199, 0.4086, 0.4599]","[260, 599, 687]",3
528.0,75.0,9.0,{29},[0.3862],[29],1
530.0,654.0,2.0,"{320, 293, 465, 82, 435, 53}","[0.3477, 0.3773, 0.3384, 0.3403, 0.3824, 0.3403]","[320, 293, 465, 82, 435, 53]",6
530.0,238.0,5.0,"{99, 100, 260, 36, 241, 91, 254}","[0.4581, 0.4625, 0.4593, 0.4793, 0.4648, 0.4573, 0.4519]","[99, 100, 260, 36, 241, 91, 254]",7
530.0,109.0,8.0,"{337, 297, 47}","[0.3702, 0.3691, 0.3733]","[337, 297, 47]",3
531.0,1451.0,3.0,"{28, 222}","[0.1212, 0.1535]","[28, 222]",2
531.0,541.0,8.0,"{260, 496, 660, 91, 125}","[0.445, 0.3952, 0.3911, 0.3801, 0.3797]","[260, 496, 660, 91, 125]",5
532.0,1425.0,5.0,{1268},[0.267],[1268],1
533.0,1553.0,9.0,{993},[0.2229],[993],1
534.0,1445.0,4.0,"{138, 349, 6}","[0.18, 0.1785, 0.1671]","[138, 349, 6]",3
534.0,962.0,10.0,"{304, 1235}","[0.2427, 0.4072]","[304, 1235]",2
535.0,1226.0,5.0,{870},[0.3485],[870],1
535.0,566.0,10.0,{68},[0.2413],[68],1
536.0,835.0,5.0,"{576, 345, 875, 877}","[0.329, 0.329, 0.3574, 0.4375]","[576, 345, 875, 877]",4
536.0,342.0,7.0,"{247, 101, 367}","[0.5481, 0.5339, 0.5318]","[247, 101, 367]",3
537.0,154.0,8.0,"{256, 247, 57, 29, 31}","[0.4861, 0.4887, 0.465, 0.5513, 0.5195]","[256, 247, 57, 29, 31]",5
538.0,567.0,10.0,"{460, 423}","[0.4419, 0.447]","[460, 423]",2
539.0,440.0,2.0,"{320, 34}","[0.343, 0.3478]","[320, 34]",2
539.0,1540.0,5.0,{764},[0.2951],[764],1
539.0,720.0,7.0,{14},[0.3168],[14],1
540.0,1014.0,8.0,{92},[0.31],[92],1
542.0,581.0,9.0,"{342, 982, 5, 550}","[0.3157, 0.3373, 0.3152, 0.3216]","[342, 982, 5, 550]",4
543.0,505.0,6.0,"{660, 94}","[0.3792, 0.3352]","[660, 94]",2
545.0,905.0,6.0,{618},[0.382],[618],1
547.0,851.0,7.0,"{48, 420}","[0.2378, 0.3062]","[48, 420]",2
548.0,962.0,8.0,{304},[0.2427],[304],1
549.0,487.0,1.0,"{432, 387, 77, 86}","[0.3587, 0.3252, 0.3411, 0.3324]","[432, 387, 77, 86]",4
549.0,1069.0,2.0,"{49, 133}","[0.3169, 0.3851]","[49, 133]",2
551.0,41.0,9.0,"{656, 490}","[0.2621, 0.2639]","[656, 490]",2
553.0,569.0,4.0,{66},[0.2825],[66],1
554.0,673.0,2.0,{541},[0.3909],[541],1
554.0,1100.0,4.0,{1062},[0.3246],[1062],1
554.0,633.0,8.0,{817},[0.3802],[817],1
555.0,150.0,8.0,{209},[0.4628],[209],1
556.0,1646.0,4.0,"{603, 699}","[0.2843, 0.2144]","[603, 699]",2
557.0,208.0,7.0,"{504, 82}","[0.5479, 0.5894]","[504, 82]",2
558.0,884.0,3.0,{260},[0.4199],[260],1
558.0,386.0,5.0,{351},[0.3673],[351],1
558.0,36.0,7.0,"{260, 174, 78, 367, 118, 125}","[0.5069, 0.5037, 0.5099, 0.5027, 0.4903, 0.5794]","[260, 174, 78, 367, 118, 125]",6
558.0,236.0,8.0,"{221, 182}","[0.32, 0.3266]","[221, 182]",2
561.0,1120.0,6.0,{214},[0.3231],[214],1
563.0,692.0,6.0,{361},[0.3881],[361],1
565.0,1063.0,5.0,"{16, 485, 693}","[0.3463, 0.2972, 0.3079]","[16, 485, 693]",3
565.0,290.0,6.0,"{1026, 38, 492, 496, 337}","[0.3547, 0.3697, 0.3559, 0.3424, 0.3947]","[1026, 38, 492, 496, 337]",5
565.0,962.0,10.0,{304},[0.2427],[304],1
567.0,119.0,2.0,{931},[0.2811],[931],1
567.0,46.0,4.0,"{456, 76, 47, 114, 476, 156}","[0.5077, 0.4656, 0.4578, 0.4579, 0.4729, 0.4611]","[456, 76, 47, 114, 476, 156]",6
567.0,702.0,10.0,{482},[0.342],[482],1
568.0,1022.0,10.0,{148},[0.3098],[148],1
569.0,877.0,6.0,"{480, 528, 309, 7}","[0.4884, 0.4674, 0.4539, 0.4678]","[480, 528, 309, 7]",4
570.0,1067.0,7.0,{336},[0.3212],[336],1
570.0,138.0,10.0,"{216, 47}","[0.3165, 0.3387]","[216, 47]",2
571.0,287.0,1.0,{49},[0.2907],[49],1
572.0,970.0,2.0,{25},[0.2604],[25],1
576.0,905.0,4.0,{174},[0.3828],[174],1
576.0,1425.0,7.0,{901},[0.2499],[901],1
576.0,148.0,10.0,"{89, 49}","[0.4038, 0.4266]","[89, 49]",2
578.0,699.0,2.0,"{436, 982}","[0.3407, 0.3306]","[436, 982]",2
578.0,1369.0,4.0,{533},[0.38],[533],1
579.0,1057.0,4.0,{1320},[0.3194],[1320],1
579.0,1047.0,5.0,"{361, 94}","[0.3232, 0.3287]","[361, 94]",2
579.0,757.0,7.0,"{368, 82, 14}","[0.3892, 0.3886, 0.4027]","[368, 82, 14]",3
579.0,610.0,10.0,"{8, 528, 82, 244}","[0.4577, 0.3723, 0.3392, 0.3507]","[8, 528, 82, 244]",4
580.0,1031.0,4.0,{1549},[0.3006],[1549],1
581.0,1148.0,2.0,{846},[0.3865],[846],1
581.0,563.0,6.0,{413},[0.2597],[413],1
582.0,584.0,8.0,{485},[0.3349],[485],1
584.0,906.0,3.0,{1551},[0.2288],[1551],1
584.0,629.0,5.0,"{161, 356, 101, 239, 408, 156, 191}","[0.4883, 0.4891, 0.4902, 0.5152, 0.5248, 0.4887, 0.4869]","[161, 356, 101, 239, 408, 156, 191]",7
584.0,1445.0,9.0,{138},[0.18],[138],1
584.0,1286.0,10.0,{1074},[0.362],[1074],1
585.0,1259.0,3.0,{565},[0.279],[565],1
587.0,319.0,9.0,"{186, 436}","[0.4417, 0.4508]","[186, 436]",2
587.0,505.0,10.0,{436},[0.3456],[436],1
591.0,1553.0,3.0,{840},[0.2598],[840],1
593.0,238.0,2.0,{174},[0.4606],[174],1
596.0,94.0,7.0,"{361, 492, 118, 31}","[0.5403, 0.549, 0.5394, 0.5305]","[361, 492, 118, 31]",4
596.0,195.0,9.0,"{101, 492, 112, 118, 88}","[0.4069, 0.4221, 0.4095, 0.4502, 0.4357]","[101, 492, 112, 118, 88]",5
598.0,37.0,2.0,{201},[0.3477],[201],1
598.0,291.0,5.0,"{456, 347}","[0.5022, 0.4846]","[456, 347]",2
598.0,1032.0,9.0,{1101},[0.341],[1101],1
599.0,81.0,1.0,"{297, 571, 118, 254}","[0.3777, 0.3845, 0.3732, 0.3709]","[297, 571, 118, 254]",4
599.0,1245.0,10.0,{118},[0.3065],[118],1
600.0,544.0,8.0,{135},[0.4852],[135],1
601.0,152.0,10.0,{739},[0.2397],[739],1
602.0,453.0,3.0,{494},[0.394],[494],1
602.0,581.0,9.0,{342},[0.3157],[342],1
603.0,856.0,2.0,"{9, 299, 260, 574}","[0.4448, 0.5463, 0.4865, 0.4421]","[9, 299, 260, 574]",4
603.0,323.0,4.0,"{329, 211, 390, 47}","[0.4094, 0.4193, 0.4116, 0.4184]","[329, 211, 390, 47]",4
603.0,935.0,6.0,{544},[0.3119],[544],1
603.0,899.0,8.0,{95},[0.273],[95],1
604.0,856.0,10.0,"{9, 299, 767}","[0.4448, 0.5463, 0.4764]","[9, 299, 767]",3
605.0,654.0,4.0,"{320, 293}","[0.3477, 0.3773]","[320, 293]",2
607.0,1057.0,9.0,{1007},[0.2891],[1007],1
607.0,949.0,10.0,{884},[0.4464],[884],1
608.0,1245.0,7.0,"{475, 118}","[0.3068, 0.3065]","[475, 118]",2
609.0,1182.0,1.0,{452},[0.3378],[452],1
609.0,379.0,8.0,{133},[0.2752],[133],1
611.0,154.0,4.0,{57},[0.465],[57],1
612.0,1451.0,3.0,{881},[0.1525],[881],1
613.0,44.0,5.0,{29},[0.3708],[29],1
613.0,236.0,8.0,{50},[0.3165],[50],1
613.0,1042.0,10.0,{719},[0.2086],[719],1
615.0,96.0,3.0,{101},[0.5561],[101],1
615.0,482.0,7.0,{101},[0.3965],[101],1
617.0,1540.0,3.0,{468},[0.302],[468],1
617.0,1139.0,4.0,{312},[0.533],[312],1
617.0,566.0,8.0,"{68, 28, 406}","[0.2413, 0.3291, 0.2379]","[68, 28, 406]",3
618.0,1095.0,8.0,{363},[0.4018],[363],1
620.0,736.0,7.0,"{346, 863}","[0.3243, 0.3067]","[346, 863]",2
620.0,809.0,9.0,"{614, 971, 364, 336, 1018, 124}","[0.3131, 0.3479, 0.3175, 0.3208, 0.2935, 0.3048]","[614, 971, 364, 336, 1018, 124]",6
622.0,459.0,2.0,{60},[0.2379],[60],1
622.0,984.0,8.0,{375},[0.3401],[375],1
622.0,414.0,9.0,{705},[0.4314],[705],1
623.0,400.0,1.0,"{289, 68, 157}","[0.2779, 0.2763, 0.2749]","[289, 68, 157]",3
623.0,20.0,9.0,{33},[0.4084],[33],1
625.0,530.0,8.0,"{528, 433, 403, 103}","[0.3087, 0.327, 0.3056, 0.3517]","[528, 433, 403, 103]",4
625.0,1354.0,10.0,"{262, 567}","[0.3009, 0.2903]","[262, 567]",2
626.0,1014.0,6.0,{431},[0.2762],[431],1
627.0,69.0,9.0,{1077},[0.3122],[1077],1
628.0,500.0,6.0,"{216, 297}","[0.3891, 0.3625]","[216, 297]",2
630.0,1178.0,4.0,{409},[0.2379],[409],1
630.0,563.0,7.0,"{41, 413}","[0.3025, 0.2597]","[41, 413]",2
630.0,1196.0,8.0,"{1123, 392, 873, 501, 534, 1558}","[0.2775, 0.2742, 0.269, 0.2815, 0.3605, 0.2696]","[1123, 392, 873, 501, 534, 1558]",6
630.0,519.0,10.0,"{72, 280, 652}","[0.2547, 0.2185, 0.2355]","[72, 280, 652]",3
631.0,826.0,7.0,{37},[0.3562],[37],1
631.0,1001.0,10.0,{1317},[0.4046],[1317],1
632.0,1148.0,3.0,{846},[0.3865],[846],1
633.0,186.0,3.0,"{546, 99}","[0.4287, 0.4388]","[546, 99]",2
633.0,1553.0,6.0,{966},[0.2031],[966],1
633.0,482.0,10.0,"{217, 299, 100, 693}","[0.3977, 0.3991, 0.3904, 0.4665]","[217, 299, 100, 693]",4
634.0,1231.0,2.0,{1560},[0.4384],[1560],1
634.0,1102.0,4.0,{416},[0.2703],[416],1
634.0,1199.0,10.0,{1362},[0.5402],[1362],1
637.0,271.0,1.0,"{888, 513, 506, 359}","[0.3575, 0.3651, 0.3467, 0.376]","[888, 513, 506, 359]",4
637.0,1151.0,10.0,"{888, 241, 326}","[0.3547, 0.3561, 0.4193]","[888, 241, 326]",3
639.0,707.0,4.0,"{136, 97, 531}","[0.3405, 0.335, 0.3394]","[136, 97, 531]",3
643.0,876.0,3.0,{290},[0.3042],[290],1
644.0,1650.0,1.0,"{791, 1447}","[0.3244, 0.433]","[791, 1447]",2
644.0,660.0,7.0,"{34, 5, 550, 361, 241, 125}","[0.4673, 0.4619, 0.4513, 0.4552, 0.4694, 0.4612]","[34, 5, 550, 361, 241, 125]",6
645.0,720.0,4.0,{14},[0.3168],[14],1
645.0,840.0,6.0,{177},[0.2757],[177],1
645.0,30.0,7.0,"{305, 153}","[0.3748, 0.3652]","[305, 153]",2
645.0,3.0,10.0,{293},[0.4188],[293],1
646.0,457.0,1.0,{250},[0.3663],[250],1
646.0,1503.0,6.0,{1044},[0.3536],[1044],1
647.0,427.0,3.0,"{189, 695}","[0.4126, 0.4048]","[189, 695]",2
648.0,75.0,1.0,"{211, 31, 79}","[0.475, 0.3847, 0.4485]","[211, 31, 79]",3
648.0,780.0,8.0,{989},[0.4128],[989],1
649.0,457.0,7.0,{250},[0.3663],[250],1
649.0,703.0,10.0,"{513, 226, 1009, 646}","[0.3774, 0.3697, 0.3698, 0.4336]","[513, 226, 1009, 646]",4
650.0,1255.0,1.0,"{1252, 1541}","[0.465, 0.3334]","[1252, 1541]",2
650.0,1549.0,2.0,"{1536, 1541, 489, 1390, 1199, 1362, 1207}","[0.3669, 0.4772, 0.5635, 0.3978, 0.4203, 0.7596, 0.6538]","[1536, 1541, 489, 1390, 1199, 1362, 1207]",7
650.0,1319.0,4.0,"{45, 686, 83, 407, 346, 380}","[0.2104, 0.1284, 0.0992, 0.1625, 0.1374, 0.1195]","[45, 686, 83, 407, 346, 380]",6
650.0,611.0,5.0,"{108, 496, 260, 319}","[0.4281, 0.4444, 0.4687, 0.4315]","[108, 496, 260, 319]",4
650.0,601.0,7.0,"{91, 949}","[0.4387, 0.4872]","[91, 949]",2
650.0,1329.0,8.0,"{688, 1658, 1494}","[0.3889, 0.4009, 0.3833]","[688, 1658, 1494]",3
650.0,1286.0,9.0,"{1074, 1252}","[0.362, 0.4313]","[1074, 1252]",2
650.0,1057.0,10.0,"{1320, 1577, 741}","[0.3194, 0.3061, 0.3491]","[1320, 1577, 741]",3
652.0,16.0,5.0,"{257, 9}","[0.3963, 0.5012]","[257, 9]",2
652.0,612.0,6.0,{277},[0.4361],[277],1
652.0,884.0,9.0,"{496, 611}","[0.4006, 0.4555]","[496, 611]",2
652.0,672.0,10.0,"{501, 389}","[0.2873, 0.2725]","[501, 389]",2
653.0,1579.0,3.0,"{1120, 214}","[0.206, 0.1487]","[1120, 214]",2
653.0,265.0,6.0,"{51, 860, 117}","[0.3895, 0.3204, 0.2889]","[51, 860, 117]",3
654.0,826.0,3.0,"{834, 14}","[0.3122, 0.3119]","[834, 14]",2
654.0,743.0,6.0,"{456, 746, 80, 208}","[0.3753, 0.3746, 0.4071, 0.385]","[456, 746, 80, 208]",4
654.0,1455.0,7.0,{312},[0.3314],[312],1
654.0,581.0,9.0,"{258, 5, 342}","[0.3556, 0.3152, 0.3157]","[258, 5, 342]",3
655.0,444.0,5.0,"{114, 22}","[0.4076, 0.4057]","[114, 22]",2
655.0,1349.0,9.0,{703},[0.3148],[703],1
655.0,236.0,10.0,"{288, 221, 195, 5}","[0.3226, 0.32, 0.3366, 0.3153]","[288, 221, 195, 5]",4
657.0,1123.0,3.0,"{432, 501}","[0.2866, 0.2884]","[432, 501]",2
658.0,611.0,2.0,"{260, 550, 108, 496, 241}","[0.4687, 0.4272, 0.4281, 0.4444, 0.4145]","[260, 550, 108, 496, 241]",5
658.0,109.0,4.0,"{390, 297, 337, 499, 216, 93}","[0.351, 0.3691, 0.3702, 0.4007, 0.368, 0.3501]","[390, 297, 337, 499, 216, 93]",6
658.0,710.0,6.0,"{323, 29, 527}","[0.3898, 0.3819, 0.4311]","[323, 29, 527]",3
658.0,1028.0,8.0,"{186, 99, 100}","[0.3897, 0.4434, 0.3822]","[186, 99, 100]",3
659.0,483.0,4.0,{355},[0.329],[355],1
660.0,353.0,3.0,{4},[0.2827],[4],1
660.0,564.0,4.0,"{364, 656, 849, 336, 124}","[0.2828, 0.285, 0.3042, 0.2748, 0.2873]","[364, 656, 849, 336, 124]",5
660.0,1205.0,6.0,{387},[0.2506],[387],1
661.0,1286.0,3.0,{1401},[0.4382],[1401],1
661.0,603.0,10.0,"{896, 723}","[0.3837, 0.3096]","[896, 723]",2
662.0,678.0,3.0,"{314, 479}","[0.3659, 0.3858]","[314, 479]",2
663.0,1416.0,5.0,{1568},[0.5771],[1568],1
664.0,519.0,1.0,{404},[0.2181],[404],1
665.0,736.0,8.0,"{346, 243}","[0.3243, 0.3105]","[346, 243]",2
670.0,1615.0,1.0,{1384},[0.4042],[1384],1
670.0,864.0,5.0,"{408, 101, 6}","[0.5227, 0.5199, 0.506]","[408, 101, 6]",3
670.0,673.0,9.0,{694},[0.3204],[694],1
672.0,445.0,1.0,{552},[0.4393],[552],1
674.0,37.0,1.0,"{192, 833, 549, 363, 366, 1112, 447}","[0.4436, 0.3446, 0.3427, 0.3403, 0.3791, 0.401, 0.3787]","[192, 833, 549, 363, 366, 1112, 447]",7
674.0,487.0,3.0,"{365, 77, 86}","[0.3225, 0.3411, 0.3324]","[365, 77, 86]",3
674.0,579.0,5.0,{703},[0.2771],[703],1
674.0,180.0,7.0,"{357, 367, 49, 24, 479}","[0.3308, 0.3211, 0.3282, 0.3736, 0.3322]","[357, 367, 49, 24, 479]",5
675.0,677.0,2.0,"{240, 657}","[0.3366, 0.3988]","[240, 657]",2
675.0,928.0,5.0,{51},[0.2544],[51],1
675.0,936.0,10.0,{174},[0.4186],[174],1
676.0,953.0,7.0,"{834, 205, 614}","[0.4017, 0.4198, 0.4025]","[834, 205, 614]",3
677.0,420.0,10.0,{585},[0.2989],[585],1
678.0,959.0,2.0,{585},[0.2765],[585],1
678.0,183.0,10.0,{216},[0.3022],[216],1
679.0,593.0,8.0,{99},[0.2688],[99],1
681.0,923.0,8.0,{342},[0.3996],[342],1
682.0,475.0,2.0,{342},[0.395],[342],1
682.0,835.0,9.0,{576},[0.329],[576],1
682.0,970.0,10.0,"{25, 18, 506, 826}","[0.2604, 0.2766, 0.2613, 0.2504]","[25, 18, 506, 826]",4
684.0,533.0,7.0,{284},[0.3078],[284],1
685.0,109.0,7.0,"{216, 297, 390}","[0.368, 0.3691, 0.351]","[216, 297, 390]",3
687.0,1403.0,3.0,{642},[0.3024],[642],1
687.0,1642.0,9.0,{563},[0.3029],[563],1
688.0,910.0,4.0,{449},[0.2855],[449],1
688.0,629.0,6.0,"{161, 347, 101}","[0.4883, 0.4917, 0.4902]","[161, 347, 101]",3
689.0,9.0,2.0,{693},[0.4933],[693],1
689.0,1156.0,6.0,{795},[0.3186],[795],1
692.0,311.0,7.0,"{256, 161, 101, 102, 231, 112, 182, 217, 156}","[0.7289, 0.5994, 0.6422, 0.6205, 0.5979, 0.6358, 0.6138, 0.6033, 0.6202]","[256, 161, 101, 102, 231, 112, 182, 217, 156]",9
694.0,1161.0,1.0,"{176, 1013}","[0.2078, 0.222]","[176, 1013]",2
694.0,1096.0,5.0,{344},[0.2572],[344],1
695.0,111.0,6.0,"{390, 200, 754, 571, 254}","[0.4623, 0.4177, 0.4261, 0.4357, 0.4012]","[390, 200, 754, 571, 254]",5
695.0,839.0,7.0,{184},[0.3447],[184],1
695.0,30.0,8.0,{49},[0.3754],[49],1
696.0,1168.0,2.0,"{784, 828, 62}","[0.4096, 0.4305, 0.3848]","[784, 828, 62]",3
696.0,554.0,8.0,"{184, 1, 511}","[0.3326, 0.2599, 0.2506]","[184, 1, 511]",3
699.0,1319.0,5.0,{346},[0.1374],[346],1
701.0,1082.0,9.0,{196},[0.284],[196],1
702.0,878.0,2.0,"{858, 558, 215}","[0.3348, 0.3309, 0.3917]","[858, 558, 215]",3
702.0,888.0,3.0,"{356, 359}","[0.4553, 0.4637]","[356, 359]",2
702.0,1197.0,4.0,{168},[0.3067],[168],1
702.0,260.0,8.0,{101},[0.5459],[101],1
703.0,1425.0,2.0,{411},[0.2274],[411],1
703.0,750.0,4.0,"{361, 260}","[0.4039, 0.4028]","[361, 260]",2
703.0,63.0,6.0,"{321, 355, 103}","[0.3047, 0.3557, 0.3341]","[321, 355, 103]",3
703.0,602.0,7.0,"{513, 61}","[0.2787, 0.2979]","[513, 61]",2
703.0,1244.0,8.0,{61},[0.3178],[61],1
703.0,644.0,9.0,"{305, 413}","[0.3836, 0.3625]","[305, 413]",2
704.0,1445.0,2.0,{6},[0.1671],[6],1
704.0,687.0,5.0,{496},[0.4813],[496],1
704.0,169.0,7.0,{235},[0.3596],[235],1
706.0,230.0,1.0,"{725, 78, 191}","[0.4566, 0.4407, 0.4212]","[725, 78, 191]",3
706.0,1027.0,5.0,{676},[0.2284],[676],1
707.0,1503.0,3.0,{1341},[0.4391],[1341],1
707.0,0.0,10.0,"{289, 491, 1, 807}","[0.3379, 0.3396, 0.2963, 0.2945]","[289, 491, 1, 807]",4
708.0,767.0,8.0,"{288, 260, 118}","[0.4028, 0.4043, 0.3976]","[288, 260, 118]",3
713.0,37.0,3.0,{366},[0.3791],[366],1
713.0,1637.0,8.0,"{891, 997, 343, 1103}","[0.1743, 0.1996, 0.1906, 0.2121]","[891, 997, 343, 1103]",4
715.0,1182.0,3.0,"{298, 452}","[0.3232, 0.3378]","[298, 452]",2
715.0,1159.0,5.0,"{704, 305}","[0.3147, 0.2922]","[704, 305]",2
719.0,948.0,8.0,{40},[0.3954],[40],1
720.0,132.0,2.0,{787},[0.3763],[787],1
720.0,414.0,3.0,{576},[0.3903],[576],1
720.0,1083.0,4.0,{690},[0.2838],[690],1
720.0,1156.0,9.0,{546},[0.3147],[546],1
720.0,236.0,10.0,"{612, 5, 50, 180, 277, 182, 93, 221}","[0.4112, 0.3153, 0.3165, 0.5689, 0.6412, 0.3266, 0.3439, 0.32]","[612, 5, 50, 180, 277, 182, 93, 221]",8
721.0,445.0,2.0,{83},[0.3903],[83],1
724.0,851.0,4.0,{72},[0.2577],[72],1
728.0,1151.0,3.0,"{275, 342}","[0.365, 0.3955]","[275, 342]",2
728.0,563.0,6.0,{413},[0.2597],[413],1
730.0,877.0,6.0,"{480, 135, 7}","[0.4884, 0.5148, 0.4678]","[480, 135, 7]",3
731.0,63.0,10.0,"{209, 49, 103}","[0.3591, 0.3254, 0.3341]","[209, 49, 103]",3
732.0,466.0,6.0,{969},[0.2212],[969],1
733.0,30.0,3.0,"{355, 644, 49, 242, 305}","[0.4037, 0.4231, 0.3754, 0.3677, 0.3748]","[355, 644, 49, 242, 305]",5
736.0,661.0,2.0,{695},[0.2947],[695],1
736.0,9.0,10.0,{89},[0.4582],[89],1
739.0,754.0,1.0,"{260, 240, 275, 118, 571, 94}","[0.4197, 0.4237, 0.5081, 0.4715, 0.4916, 0.4192]","[260, 240, 275, 118, 571, 94]",6
739.0,1156.0,2.0,"{795, 319}","[0.3186, 0.3209]","[795, 319]",2
739.0,344.0,3.0,"{480, 24}","[0.2518, 0.2646]","[480, 24]",2
739.0,277.0,4.0,"{321, 5, 101, 236, 367, 180, 93}","[0.3842, 0.3832, 0.41, 0.6412, 0.3961, 0.5853, 0.3959]","[321, 5, 101, 236, 367, 180, 93]",7
741.0,905.0,3.0,"{91, 62}","[0.4568, 0.4256]","[91, 62]",2
741.0,505.0,4.0,{436},[0.3456],[436],1
741.0,1561.0,8.0,{997},[0.2435],[997],1
741.0,137.0,10.0,{273},[0.4788],[273],1
742.0,982.0,2.0,"{241, 275, 436, 342}","[0.434, 0.4613, 0.4995, 0.4229]","[241, 275, 436, 342]",4
742.0,496.0,9.0,"{260, 550, 273, 888, 94}","[0.5665, 0.497, 0.5034, 0.5045, 0.5171]","[260, 550, 273, 888, 94]",5
742.0,505.0,10.0,"{436, 94}","[0.3456, 0.3352]","[436, 94]",2
743.0,733.0,8.0,{9},[0.3157],[9],1
744.0,855.0,6.0,{25},[0.3265],[25],1
745.0,750.0,9.0,"{241, 186, 36, 694}","[0.5094, 0.4284, 0.439, 0.4078]","[241, 186, 36, 694]",4
747.0,723.0,6.0,{186},[0.4264],[186],1
747.0,470.0,10.0,{231},[0.3399],[231],1
748.0,723.0,6.0,"{241, 428}","[0.4223, 0.4465]","[241, 428]",2
748.0,277.0,9.0,"{101, 367, 217, 93, 479}","[0.41, 0.3961, 0.4033, 0.3959, 0.392]","[101, 367, 217, 93, 479]",5
749.0,440.0,7.0,"{320, 657}","[0.343, 0.3568]","[320, 657]",2
749.0,1056.0,8.0,{199},[0.3106],[199],1
750.0,275.0,7.0,{725},[0.4894],[725],1
751.0,265.0,6.0,"{274, 51, 860}","[0.3176, 0.3895, 0.3204]","[274, 51, 860]",3
752.0,990.0,1.0,{426},[0.2655],[426],1
752.0,1274.0,2.0,"{609, 839}","[0.2099, 0.2097]","[609, 839]",2
752.0,505.0,3.0,"{611, 5, 660, 475, 94}","[0.3488, 0.317, 0.3792, 0.3868, 0.3352]","[611, 5, 660, 475, 94]",5
752.0,383.0,4.0,"{373, 1054, 207}","[0.3995, 0.4186, 0.3819]","[373, 1054, 207]",3
752.0,1252.0,5.0,{1390},[0.5976],[1390],1
752.0,878.0,7.0,{394},[0.3278],[394],1
753.0,380.0,5.0,"{289, 346}","[0.3309, 0.3177]","[289, 346]",2
755.0,1079.0,7.0,{920},[0.4026],[920],1
755.0,454.0,8.0,"{94, 694}","[0.3953, 0.4471]","[94, 694]",2
757.0,498.0,8.0,{244},[0.3749],[244],1
757.0,723.0,10.0,{241},[0.4223],[241],1
758.0,1127.0,3.0,"{460, 262, 567}","[0.3545, 0.4328, 0.3406]","[460, 262, 567]",3
758.0,96.0,10.0,"{34, 100, 101, 367, 347}","[0.5171, 0.5194, 0.5561, 0.5947, 0.5404]","[34, 100, 101, 367, 347]",5
759.0,435.0,3.0,{166},[0.5102],[166],1
759.0,41.0,4.0,"{656, 490}","[0.2621, 0.2639]","[656, 490]",2
759.0,629.0,7.0,"{408, 101, 191}","[0.5248, 0.4902, 0.4869]","[408, 101, 191]",3
760.0,1151.0,5.0,{326},[0.4193],[326],1
760.0,546.0,10.0,{186},[0.4287],[186],1
761.0,1205.0,5.0,{1137},[0.2409],[1137],1
763.0,473.0,9.0,"{449, 9}","[0.4185, 0.4632]","[449, 9]",2
764.0,287.0,7.0,{103},[0.2873],[103],1
765.0,1133.0,3.0,{927},[0.3851],[927],1
765.0,1478.0,4.0,{169},[0.248],[169],1
768.0,115.0,3.0,{130},[0.4227],[130],1
768.0,746.0,5.0,"{456, 82, 368, 408}","[0.4999, 0.4699, 0.4799, 0.4772]","[456, 82, 368, 408]",4
769.0,826.0,2.0,{14},[0.3119],[14],1
769.0,1176.0,3.0,{477},[0.3097],[477],1
769.0,1445.0,9.0,{6},[0.1671],[6],1
770.0,891.0,3.0,{652},[0.2878],[652],1
770.0,939.0,4.0,{361},[0.3293],[361],1
771.0,1366.0,5.0,{1031},[0.4195],[1031],1
771.0,1091.0,7.0,"{298, 862}","[0.3016, 0.2839]","[298, 862]",2
772.0,183.0,6.0,"{216, 734}","[0.3022, 0.3237]","[216, 734]",2
774.0,1311.0,8.0,{1266},[0.6019],[1266],1
774.0,88.0,9.0,"{101, 492, 367, 53, 217}","[0.4954, 0.4902, 0.586, 0.502, 0.5286]","[101, 492, 367, 53, 217]",5
775.0,92.0,5.0,"{479, 423}","[0.4058, 0.405]","[479, 423]",2
776.0,41.0,3.0,{656},[0.2621],[656],1
776.0,765.0,9.0,{68},[0.2521],[68],1
777.0,1108.0,3.0,{273},[0.3451],[273],1
777.0,953.0,4.0,"{226, 468}","[0.3781, 0.5037]","[226, 468]",2
777.0,1445.0,8.0,{6},[0.1671],[6],1
778.0,1575.0,4.0,{1170},[0.3244],[1170],1
778.0,430.0,6.0,{1328},[0.3615],[1328],1
778.0,1286.0,7.0,{1379},[0.3453],[1379],1
779.0,499.0,2.0,{47},[0.436],[47],1
779.0,105.0,5.0,{342},[0.3877],[342],1
779.0,290.0,6.0,{492},[0.3559],[492],1
779.0,1265.0,10.0,{7},[0.3538],[7],1
781.0,715.0,4.0,{1023},[0.2706],[1023],1
782.0,1640.0,2.0,{1068},[0.345],[1068],1
782.0,644.0,6.0,"{136, 140}","[0.3659, 0.3804]","[136, 140]",2
782.0,272.0,9.0,{309},[0.3429],[309],1
783.0,770.0,5.0,{501},[0.3142],[501],1
789.0,654.0,6.0,"{65, 82}","[0.3591, 0.3403]","[65, 82]",2
791.0,399.0,9.0,"{102, 297, 22, 217, 156}","[0.5005, 0.5167, 0.4944, 0.4819, 0.4849]","[102, 297, 22, 217, 156]",5
793.0,1083.0,7.0,{949},[0.2979],[949],1
793.0,1213.0,10.0,"{1348, 799, 1391}","[0.3851, 0.3892, 0.3897]","[1348, 799, 1391]",3
795.0,351.0,4.0,"{216, 311}","[0.539, 0.4622]","[216, 311]",2
795.0,806.0,9.0,"{858, 44}","[0.3158, 0.3538]","[858, 44]",2
797.0,454.0,2.0,"{496, 137, 94}","[0.4015, 0.4011, 0.3953]","[496, 137, 94]",3
797.0,148.0,6.0,"{329, 49}","[0.3814, 0.4266]","[329, 49]",2
797.0,119.0,8.0,{1105},[0.3193],[1105],1
797.0,138.0,10.0,"{290, 47, 496, 401, 913, 216}","[0.3323, 0.3387, 0.3233, 0.3702, 0.3154, 0.3165]","[290, 47, 496, 401, 913, 216]",6
798.0,1225.0,7.0,"{187, 815}","[0.2713, 0.2488]","[187, 815]",2
801.0,896.0,5.0,"{496, 687}","[0.4285, 0.4501]","[496, 687]",2
802.0,522.0,2.0,"{432, 148}","[0.2785, 0.35]","[432, 148]",2
802.0,453.0,4.0,"{732, 494}","[0.3689, 0.394]","[732, 494]",2
802.0,1056.0,7.0,"{649, 942, 479}","[0.3117, 0.3173, 0.3147]","[649, 942, 479]",3
803.0,290.0,3.0,"{496, 337, 492, 479}","[0.3424, 0.3947, 0.3559, 0.3404]","[496, 337, 492, 479]",4
803.0,660.0,5.0,"{496, 241}","[0.5024, 0.4694]","[496, 241]",2
803.0,1123.0,8.0,"{722, 483, 1206}","[0.3585, 0.4545, 0.3101]","[722, 483, 1206]",3
804.0,351.0,3.0,"{217, 22}","[0.4613, 0.5005]","[217, 22]",2
804.0,1156.0,4.0,{905},[0.3169],[905],1
804.0,723.0,10.0,"{91, 326, 238}","[0.4145, 0.4162, 0.4446]","[91, 326, 238]",3
808.0,576.0,1.0,{607},[0.4315],[607],1
808.0,283.0,6.0,"{100, 135, 110, 528, 244, 53, 56, 57, 191}","[0.4548, 0.4742, 0.4359, 0.4546, 0.462, 0.4553, 0.4625, 0.4789, 0.4436]","[100, 135, 110, 528, 244, 53, 56, 57, 191]",9
808.0,445.0,7.0,"{552, 403, 136}","[0.4393, 0.4317, 0.4121]","[552, 403, 136]",3
808.0,378.0,10.0,{63},[0.3026],[63],1
810.0,1167.0,3.0,{95},[0.2603],[95],1
810.0,664.0,4.0,{29},[0.2952],[29],1
812.0,430.0,7.0,{1262},[0.4229],[1262],1
814.0,733.0,2.0,"{856, 473, 586}","[0.3452, 0.353, 0.3145]","[856, 473, 586]",3
814.0,776.0,3.0,"{162, 76, 726}","[0.2391, 0.2225, 0.2367]","[162, 76, 726]",3
814.0,90.0,5.0,{164},[0.2948],[164],1
814.0,804.0,6.0,"{963, 663}","[0.3544, 0.2547]","[963, 663]",2
814.0,1123.0,8.0,{432},[0.2866],[432],1
815.0,755.0,6.0,{51},[0.2781],[51],1
819.0,152.0,5.0,{182},[0.2366],[182],1
819.0,915.0,6.0,{112},[0.2154],[112],1
821.0,58.0,8.0,"{49, 101, 52, 357}","[0.3923, 0.3776, 0.4021, 0.4382]","[49, 101, 52, 357]",4
822.0,1359.0,3.0,{642},[0.4278],[642],1
822.0,359.0,5.0,{356},[0.5981],[356],1
823.0,1647.0,3.0,{1592},[0.7428],[1592],1
823.0,374.0,6.0,{423},[0.3508],[423],1
823.0,1408.0,7.0,{1627},[0.25],[1627],1
825.0,500.0,9.0,{94},[0.3768],[94],1
825.0,508.0,10.0,{496},[0.2957],[496],1
826.0,379.0,1.0,"{473, 508}","[0.323, 0.2766]","[473, 508]",2
826.0,792.0,3.0,{312},[0.5001],[312],1
826.0,233.0,4.0,"{267, 355, 613, 382}","[0.4249, 0.3926, 0.3546, 0.3882]","[267, 355, 613, 382]",4
826.0,636.0,8.0,{1209},[0.4029],[1209],1
827.0,599.0,10.0,{496},[0.4507],[496],1
829.0,1289.0,1.0,{712},[0.2828],[712],1
829.0,681.0,3.0,"{360, 719, 115, 807}","[0.3118, 0.3438, 0.3512, 0.3389]","[360, 719, 115, 807]",4
829.0,1047.0,8.0,{260},[0.3206],[260],1
829.0,748.0,10.0,{471},[0.3662],[471],1
830.0,1319.0,2.0,{83},[0.0992],[83],1
831.0,951.0,3.0,{584},[0.3699],[584],1
831.0,884.0,4.0,"{896, 260, 687, 496, 599, 186}","[0.4284, 0.4199, 0.4599, 0.4006, 0.4086, 0.421]","[896, 260, 687, 496, 599, 186]",6
831.0,63.0,5.0,"{321, 209, 405, 49}","[0.3047, 0.3591, 0.3342, 0.3254]","[321, 209, 405, 49]",4
831.0,702.0,8.0,"{482, 67, 260, 262, 592, 567, 856, 697, 767}","[0.342, 0.3478, 0.3594, 0.3585, 0.3652, 0.3549, 0.3504, 0.3536, 0.488]","[482, 67, 260, 262, 592, 567, 856, 697, 767]",9
834.0,1096.0,3.0,{410},[0.3922],[410],1
835.0,295.0,8.0,{1026},[0.2622],[1026],1
835.0,121.0,10.0,"{354, 53, 82, 431}","[0.4132, 0.4166, 0.4235, 0.4147]","[354, 53, 82, 431]",4
836.0,928.0,4.0,{860},[0.2849],[860],1
836.0,771.0,8.0,{209},[0.2708],[209],1
837.0,36.0,2.0,"{34, 101, 174, 78, 367, 273, 118, 125}","[0.5393, 0.5065, 0.5037, 0.5099, 0.5027, 0.4989, 0.4903, 0.5794]","[34, 101, 174, 78, 367, 273, 118, 125]",8
837.0,990.0,3.0,{426},[0.2655],[426],1
837.0,1268.0,4.0,{901},[0.3544],[901],1
837.0,962.0,5.0,{304},[0.2427],[304],1
837.0,1425.0,6.0,{901},[0.2499],[901],1
837.0,699.0,7.0,"{896, 288, 1026, 454, 436, 982}","[0.3359, 0.3273, 0.3757, 0.325, 0.3407, 0.3306]","[896, 288, 1026, 454, 436, 982]",6
837.0,1478.0,9.0,{169},[0.248],[169],1
838.0,188.0,9.0,"{600, 89, 59}","[0.2977, 0.3295, 0.3379]","[600, 89, 59]",3
839.0,641.0,6.0,{620},[0.3496],[620],1
841.0,122.0,3.0,"{480, 232}","[0.4172, 0.4415]","[480, 232]",2
841.0,1673.0,5.0,{917},[0.2774],[917],1
841.0,581.0,7.0,"{342, 5, 550}","[0.3157, 0.3152, 0.3216]","[342, 5, 550]",3
841.0,1123.0,9.0,"{432, 534}","[0.2866, 0.3918]","[432, 534]",2
842.0,603.0,5.0,{896},[0.3837],[896],1
844.0,644.0,4.0,"{136, 305, 10, 140}","[0.3659, 0.3836, 0.3806, 0.3804]","[136, 305, 10, 140]",4
845.0,1553.0,2.0,{1013},[0.2037],[1013],1
847.0,1451.0,5.0,"{762, 251, 487}","[0.1342, 0.1401, 0.1165]","[762, 251, 487]",3
847.0,519.0,6.0,{280},[0.2185],[280],1
847.0,1156.0,10.0,{319},[0.3209],[319],1
848.0,373.0,2.0,{102},[0.4575],[102],1
848.0,513.0,5.0,{31},[0.4465],[31],1
848.0,874.0,6.0,{476},[0.3732],[476],1
848.0,186.0,10.0,{99},[0.4388],[99],1
850.0,1650.0,1.0,{1421},[0.3621],[1421],1
851.0,1646.0,10.0,{699},[0.2144],[699],1
853.0,1274.0,1.0,{1409},[0.2144],[1409],1
856.0,1182.0,3.0,"{452, 165}","[0.3378, 0.3193]","[452, 165]",2
856.0,970.0,8.0,"{25, 506}","[0.2604, 0.2613]","[25, 506]",2
859.0,1473.0,1.0,"{744, 1292, 1398, 824, 1563}","[0.2745, 0.2532, 0.294, 0.2315, 0.508]","[744, 1292, 1398, 824, 1563]",5
859.0,1395.0,3.0,"{641, 1341}","[0.3058, 0.3377]","[641, 1341]",2
860.0,982.0,3.0,"{108, 342}","[0.4175, 0.4229]","[108, 342]",2
860.0,725.0,9.0,{342},[0.4978],[342],1
861.0,1017.0,10.0,{959},[0.2988],[959],1
862.0,598.0,3.0,"{272, 212}","[0.3318, 0.327]","[272, 212]",2
862.0,1533.0,5.0,{972},[0.5],[972],1
864.0,162.0,10.0,"{97, 211}","[0.3367, 0.3443]","[97, 211]",2
865.0,152.0,3.0,{208},[0.2399],[208],1
867.0,37.0,3.0,"{201, 366}","[0.3477, 0.3791]","[201, 366]",2
867.0,330.0,4.0,"{856, 299, 235, 423}","[0.4275, 0.3489, 0.3622, 0.3402]","[856, 299, 235, 423]",4
867.0,1446.0,9.0,{55},[0.3684],[55],1
868.0,305.0,7.0,"{403, 357}","[0.4507, 0.477]","[403, 357]",2
868.0,124.0,10.0,"{403, 77}","[0.3821, 0.4192]","[403, 77]",2
869.0,1047.0,2.0,"{361, 36, 260, 94}","[0.3232, 0.3229, 0.3206, 0.3287]","[361, 36, 260, 94]",4
869.0,249.0,6.0,{399},[0.433],[399],1
875.0,954.0,2.0,"{778, 20}","[0.2785, 0.3151]","[778, 20]",2
875.0,1597.0,3.0,"{106, 972}","[0.1994, 0.4]","[106, 972]",2
875.0,1265.0,7.0,"{27, 286}","[0.3643, 0.372]","[27, 286]",2
876.0,130.0,1.0,"{491, 157}","[0.393, 0.4088]","[491, 157]",2
876.0,132.0,2.0,{143},[0.4177],[143],1
876.0,569.0,6.0,"{320, 66, 91}","[0.2867, 0.2825, 0.2877]","[320, 66, 91]",3
876.0,758.0,8.0,{231},[0.5946],[231],1
877.0,259.0,10.0,"{552, 77, 86, 173}","[0.2703, 0.2475, 0.2552, 0.235]","[552, 77, 86, 173]",4
878.0,436.0,3.0,"{78, 275, 725, 118, 62}","[0.4191, 0.4666, 0.4153, 0.4226, 0.422]","[78, 275, 725, 118, 62]",5
878.0,1084.0,5.0,{133},[0.263],[133],1
878.0,37.0,7.0,"{549, 201, 363, 366, 447}","[0.3427, 0.3477, 0.3403, 0.3791, 0.3787]","[549, 201, 363, 366, 447]",5
878.0,22.0,9.0,"{161, 102, 231, 112, 247, 408, 217, 156, 216}","[0.5957, 0.6325, 0.5876, 0.627, 0.6337, 0.5805, 0.5722, 0.5991, 0.58]","[161, 102, 231, 112, 247, 408, 217, 156, 216]",9
880.0,951.0,3.0,{584},[0.3699],[584],1
882.0,1245.0,8.0,{498},[0.2996],[498],1
883.0,1445.0,1.0,"{138, 6}","[0.18, 0.1671]","[138, 6]",2
883.0,1216.0,6.0,{1112},[0.3016],[1112],1
883.0,1167.0,7.0,{98},[0.2413],[98],1
884.0,612.0,3.0,"{321, 101, 236, 277, 88}","[0.3272, 0.2863, 0.4112, 0.4361, 0.3052]","[321, 101, 236, 277, 88]",5
884.0,738.0,6.0,"{549, 14}","[0.3779, 0.3419]","[549, 14]",2
884.0,618.0,8.0,{156},[0.4202],[156],1
885.0,70.0,6.0,"{100, 231}","[0.3871, 0.4096]","[100, 231]",2
885.0,603.0,7.0,{723},[0.3096],[723],1
886.0,1294.0,9.0,{59},[0.239],[59],1
887.0,884.0,2.0,"{186, 260, 319}","[0.421, 0.4199, 0.4271]","[186, 260, 319]",3
887.0,440.0,6.0,{320},[0.343],[320],1
887.0,800.0,8.0,{464},[0.2821],[464],1
887.0,860.0,9.0,{652},[0.4054],[652],1
888.0,1024.0,10.0,{465},[0.3912],[465],1
890.0,1110.0,3.0,{698},[0.4004],[698],1
890.0,1006.0,4.0,"{613, 198, 86, 444, 510}","[0.2893, 0.2939, 0.3114, 0.3186, 0.2955]","[613, 198, 86, 444, 510]",5
892.0,1395.0,2.0,"{1448, 248}","[0.536, 0.3741]","[1448, 248]",2
892.0,1331.0,5.0,{1600},[0.4288],[1600],1
892.0,1566.0,9.0,"{263, 1448, 429, 662, 991}","[0.346, 0.5325, 0.4597, 0.3448, 0.3227]","[263, 1448, 429, 662, 991]",5
893.0,1566.0,7.0,{830},[0.3368],[830],1
893.0,277.0,8.0,"{5, 101, 367, 217, 93}","[0.3832, 0.41, 0.3961, 0.4033, 0.3959]","[5, 101, 367, 217, 93]",5
893.0,550.0,9.0,"{258, 260, 5, 622, 496, 241}","[0.4893, 0.4721, 0.4928, 0.4467, 0.497, 0.4628]","[258, 260, 5, 622, 496, 241]",6
893.0,992.0,10.0,{1211},[0.3275],[1211],1
894.0,584.0,4.0,"{186, 110}","[0.3242, 0.3325]","[186, 110]",2
894.0,723.0,6.0,"{428, 238, 241, 186, 91}","[0.4465, 0.4446, 0.4223, 0.4264, 0.4145]","[428, 238, 241, 186, 91]",5
894.0,152.0,9.0,{182},[0.2366],[182],1
895.0,1032.0,6.0,{27},[0.3137],[27],1
895.0,612.0,8.0,"{161, 217, 101, 367}","[0.2982, 0.2836, 0.2863, 0.3189]","[161, 217, 101, 367]",4
895.0,1063.0,9.0,{89},[0.2964],[89],1
896.0,843.0,5.0,{482},[0.2731],[482],1
896.0,268.0,9.0,"{157, 175}","[0.3827, 0.3728]","[157, 175]",2
896.0,470.0,10.0,"{309, 22}","[0.3351, 0.3601]","[309, 22]",2
897.0,678.0,5.0,{337},[0.4127],[337],1
897.0,992.0,10.0,"{457, 1211}","[0.3256, 0.3275]","[457, 1211]",2
899.0,109.0,6.0,{734},[0.4092],[734],1
899.0,70.0,9.0,{99},[0.3913],[99],1
899.0,720.0,10.0,{453},[0.3337],[453],1
900.0,245.0,9.0,{860},[0.2242],[860],1
901.0,570.0,4.0,"{1, 43}","[0.243, 0.258]","[1, 43]",2
901.0,345.0,7.0,{26},[0.4673],[26],1
903.0,1063.0,5.0,"{600, 89}","[0.3611, 0.2964]","[600, 89]",2
905.0,951.0,2.0,{766},[0.3561],[766],1
906.0,490.0,5.0,{204},[0.3301],[204],1
907.0,1128.0,7.0,"{528, 796}","[0.2727, 0.2791]","[528, 796]",2
907.0,612.0,10.0,"{321, 161, 101, 5, 367, 88, 217}","[0.3272, 0.2982, 0.2863, 0.2958, 0.3189, 0.3052, 0.2836]","[321, 161, 101, 5, 367, 88, 217]",7
908.0,397.0,8.0,{130},[0.2887],[130],1
911.0,487.0,1.0,{86},[0.3324],[86],1
911.0,119.0,5.0,{1105},[0.3193],[1105],1
911.0,326.0,6.0,{687},[0.531],[687],1
911.0,673.0,8.0,{611},[0.3211],[611],1
912.0,1375.0,6.0,{1480},[0.45],[1480],1
912.0,137.0,7.0,{94},[0.4895],[94],1
913.0,1075.0,3.0,{1429},[0.4082],[1429],1
913.0,440.0,9.0,"{320, 34}","[0.343, 0.3478]","[320, 34]",2
915.0,70.0,6.0,"{544, 480, 100, 231}","[0.4212, 0.398, 0.3871, 0.4096]","[544, 480, 100, 231]",4
915.0,271.0,7.0,{506},[0.3467],[506],1
915.0,508.0,8.0,{299},[0.3282],[299],1
916.0,1292.0,7.0,{325},[0.2209],[325],1
917.0,1197.0,2.0,"{938, 370}","[0.2716, 0.2653]","[938, 370]",2
917.0,295.0,5.0,{288},[0.3044],[288],1
917.0,1100.0,7.0,{799},[0.4074],[799],1
918.0,342.0,6.0,"{101, 367}","[0.5339, 0.5318]","[101, 367]",2
920.0,707.0,6.0,"{136, 555}","[0.3405, 0.3233]","[136, 555]",2
921.0,789.0,1.0,{676},[0.2795],[676],1
921.0,61.0,9.0,{113},[0.5418],[113],1
922.0,692.0,10.0,{361},[0.3881],[361],1
923.0,1159.0,7.0,"{10, 403}","[0.2653, 0.2583]","[10, 403]",2
924.0,376.0,6.0,"{360, 98}","[0.2474, 0.2635]","[360, 98]",2
925.0,1067.0,9.0,{17},[0.3041],[17],1
927.0,884.0,6.0,"{601, 611, 260}","[0.4157, 0.4555, 0.4199]","[601, 611, 260]",3
927.0,417.0,8.0,"{197, 363, 528, 82, 758}","[0.48, 0.4996, 0.4729, 0.5095, 0.5078]","[197, 363, 528, 82, 758]",5
931.0,236.0,1.0,"{93, 221}","[0.3439, 0.32]","[93, 221]",2
931.0,287.0,7.0,"{49, 103}","[0.2907, 0.2873]","[49, 103]",2
934.0,1309.0,4.0,{1179},[0.3385],[1179],1
934.0,180.0,5.0,"{101, 357}","[0.3142, 0.3308]","[101, 357]",2
934.0,353.0,7.0,"{184, 719}","[0.2818, 0.2851]","[184, 719]",2
936.0,950.0,4.0,{243},[0.3176],[243],1
937.0,602.0,7.0,"{61, 886}","[0.2979, 0.2988]","[61, 886]",2
939.0,1042.0,1.0,{719},[0.2086],[719],1
939.0,686.0,3.0,"{1328, 11}","[0.2903, 0.2789]","[1328, 11]",2
939.0,1560.0,10.0,{1362},[0.4061],[1362],1
940.0,250.0,4.0,{288},[0.3995],[288],1
